NC,141,786,274-8268,yes,yes,200,12.755638831434872,1,8.643426982549553,6.433100997644621,2,10.010461294822589,4.7864946501652375,200,5.615686037266557,6.018834382851652,5,9.485578153019864,2
CT,82,678,788-7992,no,yes,700,2.331272605740953,7,2.6682018091029467,4.491012696475102,3,3.1231610499626066,5.62348099322925,150,4.623398999735434,5.325664633630066,5,3.5466154409593087,7
VA,21,866,330-2325,no,no,0,5.17592609018092,3,4.216751309017495,7.204339771539582,2,4.571963782444865,3.851417813659457,300,6.143154019469049,3.5812951077238653,6,3.304713899156647,6
RI,112,827,876-4753,yes,yes,800,9.131212532708759,0,5.644675724125266,0.26037369407772193,1,7.934598732871533,8.014738146017978,150,5.002852496184813,5.346287038549413,7,2.748272877512222,7
DE,121,686,442-5491,yes,yes,100,3.1860410093227203,6,0.7308700776116765,1.467721759156889,5,2.620685167359317,2.619790935181695,250,3.5714963757662885,4.477612344391905,4,1.1005530826548608,5
RI,128,827,763-4923,no,no,0,1.6084951836468202,4,5.699568311711798,5.7444395415537155,9,0.1577421591820798,2.1361045438086483,350,3.575539661424287,3.9742738707583265,4,3.8358150964940254,4
MS,75,778,823-3572,no,yes,800,2.1818992666389314,4,4.489854896817309,2.3524685656798283,4,4.56711245263905,4.791326812832836,350,3.107584444626192,4.383725075237908,7,2.3515508184630787,6
OH,144,797,969-6819,yes,no,0,6.88967978976951,2,7.658720624360642,5.935497469536463,2,5.565142460692005,1.9009960912802737,250,6.394622467687843,5.705961693274814,4,3.7494084741685274,7
LA,145,766,884-4897,no,no,0,8.351725804128307,2,4.6219655748775255,6.781036481453259,1,7.206054453820161,3.767245340611925,150,5.305654707157485,4.22075204257648,8,6.579940029443648,4
MO,55,777,582-3883,no,no,0,11.873992857734947,5,7.830875641145009,7.474178797603508,2,7.955476785853745,4.069517885158852,100,6.4690397904628325,5.628250198424633,7,6.066328262202772,4
HI,176,727,267-5705,no,no,0,3.058831299661468,6,5.203652937034891,5.975631483342487,7,3.7577044504856114,1.7419321111771513,350,6.173037406927827,5.437170930196174,5,2.2313137405075345,4
CO,58,677,429-6077,no,yes,200,8.561468869874583,3,7.966555648006128,5.9843988195475735,5,6.1767034088241966,5.326330566038514,200,5.623302840255784,5.1712080063455685,4,5.382089816963528,5
TN,84,847,451-3632,no,yes,100,8.45815357700646,5,8.861503697941552,8.682300707596433,7,3.4354227791913523,2.647955010539226,300,7.7352055248062195,5.082978310171564,8,0.7028920894593957,7
WY,2,878,580-9925,no,yes,400,0.38571846040122537,2,2.4253439063208213,4.177940384158745,0,2.6771564852159804,3.745462710628048,250,5.37330351242817,3.699591756294294,1,2.448514151469643,11
AR,198,658,673-5220,yes,yes,500,4.786644843848017,4,6.178721807034835,4.377096594791299,5,4.651390111699366,3.7535061518099266,250,4.151230119851709,5.120235339383403,7,3.35787123717124,5
TX,141,848,266-7419,no,yes,600,7.2017150330920705,3,4.451383750526472,4.331803530422866,1,7.272918286342317,5.124129783243295,200,5.512983871705076,4.286740123600043,4,7.413747067765742,3
IL,28,737,284-4071,yes,no,0,0.8355731162595097,5,2.211969570587144,3.9022632558048183,0,4.333768343636092,1.0255538301442255,300,5.143350661894538,6.844759435258736,6,0.3606662267162237,9
WY,42,878,308-4773,yes,no,0,0.5903548128867957,6,3.5911231761001945,4.729604016045134,6,3.2814725996768863,1.7030889682218575,400,5.283575379122031,5.402302883441081,5,1.7543511208417848,5
KS,89,758,573-1150,no,yes,800,1.233571155567888,4,4.233839785139036,6.794215521391632,1,3.3442576812309595,0.8622972451649034,450,4.083533398038498,6.186506589729532,7,3.221466954801253,7
ID,53,736,424-7450,no,yes,700,5.596596132430039,3,7.0262504109229065,4.911210520632569,4,4.686606554885374,5.07067745797704,200,2.92656511643869,5.7195049701337135,7,6.948147585559436,4
SC,61,836,854-7582,no,no,0,5.616491471251437,4,3.5914680665374727,7.342114231170736,1,5.243485874857708,2.1479246149439515,250,7.579292575756696,5.1070457116951085,6,1.2102623772415586,9
LA,39,766,124-9298,no,no,0,9.488621532520316,0,9.497634894541543,6.862522716490008,6,4.6331738590992835,6.2730276163971,500,6.194188586080075,5.321923762931653,8,3.0327048443035167,6
NY,107,788,886-3121,yes,yes,200,10.760158267413383,5,6.240521957435193,8.088537384190442,0,7.84337115685969,3.5028108158448434,150,6.6383695093012784,5.562985770524198,7,5.138765212064853,4
AK,113,657,575-7681,yes,yes,400,0.4504761423145052,3,3.144508429133149,1.0845433888171274,7,3.006018672394952,5.145527608451719,250,3.1877123193087544,5.513545124856568,6,2.5485640456805814,3
ND,51,786,949-6156,no,no,0,4.642344456595462,3,7.333337326920067,6.8928436534199,5,3.416415234807133,3.1588588101873603,350,4.73769416108545,4.8690832669709785,6,4.808853256194202,5
FL,125,707,205-4556,yes,no,0,2.800126069390509,5,3.776295259446,4.427465404357542,4,3.977279089418573,4.095547215912545,250,4.490929747349912,5.893248092276774,6,2.690870152807252,5
IL,135,737,957-3539,no,no,0,4.251071234568392,0,6.891073783722702,6.265121835794682,3,3.030839673071509,4.084317363702906,400,4.276826267284891,3.9737478971542255,7,4.802589495934118,6
AR,175,658,678-4979,yes,yes,200,7.936984043105662,2,7.849364686318473,5.641534823428402,6,4.57427374609544,4.94620814786608,200,5.518828991889169,6.473679116608832,7,3.1692556864081203,4
TX,12,848,788-7569,yes,no,0,7.946946415851912,3,5.330292276241501,5.296915595628083,3,6.501696188568374,7.199382083322368,300,5.6397229488961855,2.960056893535181,6,4.085879547566404,6
LA,134,766,454-6032,yes,yes,400,7.7133454089639,7,4.172552743629841,5.3823394528330315,0,7.281111850351107,3.2067969254021094,100,7.2942691327899745,5.274015128833618,5,3.544332602315598,6
GA,47,716,313-7156,yes,yes,500,6.694783232524736,2,1.924879159779314,3.7666404643036087,4,1.7283345896575737,0.6521215370755051,350,1.280926255113931,6.8617827006610135,7,2.5450085843204446,5
SD,16,836,482-7936,yes,yes,0,8.894723879255203,2,7.253880100413912,6.235676368371723,0,6.7370953328792895,1.396702420007426,200,8.535115403650561,4.885356454751827,4,0.8255662830151156,9
MD,88,776,817-5588,yes,no,0,8.259841533417026,4,4.154325066981394,8.295095976828776,2,5.775067245808628,1.3045560860310914,200,7.522864142744227,5.098410019149587,10,2.067272548534916,6
TN,126,847,519-7966,no,yes,300,6.096386058998501,2,6.1179330668542296,7.288398999645612,0,5.566612924244461,1.5105911800275638,300,6.6337885355590815,6.649567105052613,4,3.98808092041146,7
TN,140,847,619-7710,yes,yes,400,0.7697259796467177,7,4.103815673363724,4.465700011574938,11,2.497647972537412,5.369490909429481,350,1.397802556326457,5.478811853772139,5,6.157717995473722,2
ND,17,786,772-3089,no,no,0,5.169628458330041,2,4.6508414087931405,2.9210068925828025,2,5.5020830804180445,6.143447821637531,300,3.976884346652835,5.9873105583764765,8,2.349540655996968,7
OK,109,797,602-8582,yes,no,0,6.098997432142786,3,6.550541704357053,5.545089708918695,3,4.7402489240034535,3.6258980200893234,150,5.626169433484641,4.470298096103849,5,4.365907870125181,6
AZ,68,659,270-3219,yes,yes,800,5.228037169441588,6,6.276719804987447,8.325166621591336,4,4.508728597823092,3.965539732670925,350,4.070810995571336,4.211120651050317,6,6.593605986902336,5
NV,157,788,268-4515,no,yes,600,1.9150279063047595,4,2.177133277721489,1.7362930474733782,5,2.6284213146508977,3.2415550198822656,300,1.8962501026958891,5.373644285620414,8,2.3311045228329146,4
AR,123,658,627-6432,no,no,0,4.690226155732885,3,5.30292929295051,5.159889027914035,1,5.48150476293413,2.6183349499637503,350,4.941670653747298,6.338388011316619,6,5.752746800538503,5
LA,168,766,699-4935,yes,no,0,4.157368350579108,5,7.096954445369063,5.553143543630814,8,2.8507232045821094,3.6175332043860484,300,5.606655856717413,1.7041802057058826,5,1.8038182171235617,6
MO,78,777,370-8999,no,no,0,8.816669055862508,1,5.9107574677255235,6.996069427933753,1,5.851403819478282,1.4473770599123204,250,8.88301302916672,5.47025189448889,7,0.11259960785303312,8
AK,120,657,277-1587,yes,no,0,1.6844978266070312,3,6.850729722391072,5.1654475367151225,9,2.1626612134582333,4.0861969662918085,400,3.3275410132052934,5.862016325171862,4,5.969873670459776,3
WY,55,878,989-6960,yes,yes,600,4.236278587944643,2,3.2099332627823927,0.07448618541848884,0,6.166759816229317,5.32247390928087,100,4.2819822231074065,5.415179172950124,6,2.5062308261753854,7
NJ,21,787,509-8965,yes,no,0,3.6577698324095738,5,4.6176818250881855,4.341112398934271,3,4.981278727274503,2.9069569767842203,250,5.611471795212413,5.5389398748666325,4,3.511567878759742,7
DC,170,686,892-4174,yes,no,0,1.623396098395999,3,3.055261052762884,6.28308341691388,0,3.716272494905279,2.1578715343592667,350,5.071843204228907,5.373879481350782,5,4.564654644228338,7
RI,53,827,601-4388,no,no,0,6.225247749825102,4,4.631186868113091,5.314723837852185,3,5.747772588775188,6.146863086041124,150,4.522024810820689,5.231194499986893,5,6.4185343520119265,4
RI,51,827,560-7117,no,no,0,1.7949797359119637,2,6.195693524065046,2.698244472577644,9,2.236894239338864,4.015988256184866,400,4.771752102660816,5.409362872882876,5,1.4724665736173828,4
MN,43,777,960-7646,yes,no,0,8.462440353293903,2,8.408187490647219,6.292422230092781,5,5.852429904560809,4.397269526713393,250,4.992320112753198,5.9879300081500615,6,5.817463803963218,4
KS,10,758,877-8196,yes,no,0,3.370348149377816,1,3.4110983449388805,0.8840597004561213,1,4.882069991713613,4.13256355471672,50,5.8496381926001,6.928678803972652,3,2.9796524343481345,6
MS,150,778,318-4751,no,no,0,2.438635146313733,2,5.815546964993327,2.664652098973234,11,2.8507618317176884,9.253883768794806,250,0.908555272927808,4.6263191443155485,5,8.095798948375881,0
VA,50,866,259-2119,no,yes,0,13.950739845915596,2,10.917370025509944,5.4795308357291095,5,7.801085094807028,3.0924033108145097,100,7.530014952201187,4.517298409652257,9,2.844121836047817,3
DC,172,686,283-7930,yes,yes,400,5.4900541691573626,4,6.674652713349103,7.267277881337794,4,2.9060535447315963,3.2090546714257138,250,5.5802918956670045,3.763614886268474,8,1.8837755471993445,7
IA,53,736,346-9602,no,no,0,1.1988719803041763,5,5.430838503829929,4.258958411179346,6,2.9883876759086787,2.1762721920661394,250,3.169967421233105,6.71192764522026,6,4.664714014458635,4
IA,174,736,283-5508,no,no,0,6.028406515453232,5,4.169716355126658,6.204754160369363,1,5.848486408084838,4.80770432993521,350,6.145063130179138,4.50016412444076,6,2.2737861022717567,8
UT,44,858,220-7003,no,no,0,5.1169748928254455,1,3.3167077339787863,1.473690356590685,2,6.443452473225747,3.4856458088417472,200,5.1218647560928465,6.0478055602582295,9,0.9103849744954936,9
VA,3,866,463-8708,no,no,0,5.210403813646521,2,4.999105612578698,3.7433574606455102,0,6.086891286674333,2.768410079756377,150,6.701116331511067,5.548374419099294,2,3.2198098736598313,8
NY,17,788,187-4824,yes,yes,700,0.4348311533146303,3,1.8928088377012515,1.807029873820324,1,3.918917420236341,3.715546530736932,250,4.013320020689332,5.200386744865986,6,2.0824458635525707,6
NE,165,786,839-8559,no,no,0,13.10751352294834,3,8.95040309265847,7.128330808041529,1,9.15661949939117,3.747842976185972,150,7.274623719782251,4.3366879448093565,5,4.685768493513214,6
RI,87,827,603-1194,no,no,0,6.283196079971014,3,7.072021634211497,4.3483210972567035,5,5.82688221980906,4.75905834095237,200,5.920076213154899,4.423855479103807,1,5.268297740519838,6
MN,58,777,258-6661,yes,yes,200,8.798614623121999,3,7.017487057588895,4.685483721422775,3,6.8096737160002005,3.625862569735049,150,6.962841655442009,5.8376983703956284,5,2.847771980880802,6
WY,178,878,596-8666,yes,no,0,10.055638716813963,4,7.218603621310468,5.848142088197108,2,7.707815624351043,3.5008398344280827,150,6.656860012246932,3.220751170949283,5,5.697701747306411,4
TN,38,847,673-8037,yes,yes,300,6.46234420510911,2,5.658570748830237,5.243493451107431,3,4.421474605145597,4.333389156147087,250,6.830852964817115,4.8732402612029135,6,2.172183686810456,6
MD,102,776,487-6647,yes,no,0,13.219742026674956,1,9.894916504039411,7.872432631251588,0,8.631036843572746,2.4771043608697902,150,6.737472513090662,5.437483833880449,7,6.027477674090324,5
ME,61,776,526-5232,no,no,0,4.7281781577773625,5,4.033922135464881,2.075976649883163,3,6.8617936472447525,5.973814386663673,200,3.3642586604923306,3.7458796980160667,6,4.808075137641066,5
ID,9,736,931-3782,no,yes,600,1.3060866554275052,5,1.5319128592397422,3.524724111223016,0,5.066957114463186,3.9951241992964137,250,4.209878407100091,3.961526052195671,5,3.6171424750582433,7
OK,12,797,701-5082,yes,yes,400,1.7821334975515308,4,3.482429551530232,5.535677416693651,1,3.8912289006090046,3.976959367930391,250,4.8704666847271305,3.429219002004799,2,4.459203857992437,8
MT,38,778,378-6451,yes,no,0,10.185852184403608,4,6.426237465811669,5.787099426151746,5,6.883013203750954,8.616245660217228,250,6.341182912038348,4.200116112784716,6,3.2736320208923653,6
OK,197,797,718-4827,no,yes,200,8.291334049741291,5,7.584510705787296,5.3496174324144725,6,4.976647202550829,3.7088731755716617,150,6.552639584017756,3.882826099799243,8,0.9239016298346848,6
MS,81,778,352-9450,no,no,0,0.7079624140315001,5,4.500549518123207,5.1574149531304965,5,0.7552867666560203,2.9516689240590854,250,5.412960408035961,4.600109522947848,6,0.3430886855284818,8
CO,52,677,776-2916,yes,no,0,4.413527322655666,2,4.145490011268547,4.6732140059562814,0,5.035410651607152,3.309545143680632,350,5.014454502994621,4.847986078980153,8,2.8118825509677503,7
WA,156,876,174-6937,yes,yes,1000,5.309372073148818,3,3.607912344833877,7.095588329850028,2,6.615374081183398,5.334736909770788,300,2.892191365571457,3.812275626775052,6,9.432161710693011,6
IL,24,737,811-4053,yes,yes,600,1.9780986182524531,3,0.004776778632077594,0.6086397755993254,1,3.727984122380935,2.2671175850052823,200,3.6350665425750552,5.436078210189271,7,1.1727388938756331,9
LA,159,766,239-3477,yes,yes,800,8.97284566295626,5,6.594088872132156,7.03195305657985,2,7.078260105113503,4.21191559635467,350,6.011022928628591,4.8700208201860224,7,4.447858615347626,6
HI,189,727,735-8783,yes,no,0,9.67399053928987,3,9.07065772162181,5.990933988601405,5,7.481242535933963,4.393939474685607,200,4.503383909414431,4.501256114996275,5,7.1428731221927855,3
ID,190,736,642-5484,yes,no,0,1.194916004667972,5,2.6944187628758014,7.022287271035648,3,2.300939997663685,1.3536052280617743,450,3.1578946858175225,4.769673969513329,7,4.40568322878649,5
PA,57,806,248-5289,no,yes,100,11.691693131718097,3,9.197879998669052,7.738774514391537,3,8.060360706305094,3.4682071837062947,200,6.109278288172457,5.26827261932346,6,6.02250467604782,4
TN,137,847,774-5453,no,yes,900,2.2767698896689503,3,3.1802850442310517,6.750955593647605,2,1.4573375135052666,1.5134886580911942,400,1.7072179918131312,4.661362517686082,6,7.296964844777977,4
NM,74,787,800-6314,no,yes,700,10.411662912633977,7,4.732641601543929,6.368003312692918,3,6.687047860467496,6.105003346136215,50,6.177674826442486,4.538346602740414,9,5.464272568187809,2
CA,171,676,992-2529,no,yes,500,10.483478079156104,5,6.236855364872144,7.3405599007239255,0,8.06463976490469,4.10504118810189,100,5.982746289636599,5.952831195166314,6,7.454600819941887,4
HI,66,727,749-6534,no,yes,0,13.191303851738931,4,9.736949127428877,6.543197724507009,4,8.338191061243057,2.8209571100669057,100,8.247421711311489,3.0442531320268955,6,3.0383250215934465,5
ME,154,776,891-2702,yes,no,0,6.610699936243202,3,6.767860954790348,2.2878157621393447,4,5.794199016715652,4.435515398947598,0,5.382798722139354,4.1186776134561125,4,4.811864766832834,5
SD,24,836,270-4901,no,no,0,8.865414865831484,2,5.245027091988412,9.364471484314397,1,8.489682701707494,3.449408024649772,350,5.916610328671324,4.37773213343382,4,8.627091123448793,4
WY,38,878,438-8769,no,no,0,5.776310086182892,1,5.853809278682003,5.079069783753283,0,4.463354304898355,3.6572619297590494,100,5.244890900014624,5.010975487682006,6,4.20483385162751,7
IA,200,736,237-7049,no,no,0,9.120015661297057,3,6.047588330281865,3.714014877743797,0,8.317903464688948,2.896091999371422,100,7.381211880313571,5.539216255530237,4,4.429333576906839,6
AL,119,657,967-8699,no,no,0,11.927704223284076,4,7.227139036831293,7.993421830187335,1,8.749412917850183,3.8342339873502342,150,5.909536248249839,5.344964863146841,8,7.030903693227713,3
OH,103,797,749-3386,yes,no,0,7.016992027802358,7,6.781745323066684,6.110340022866244,5,6.6550883334540245,3.632713799890388,150,4.610836700802246,6.502815522347051,5,7.453121111279065,4
VA,117,866,700-8281,no,no,0,7.54848631583685,3,4.172416883870636,6.410255215649168,1,7.265433219635242,3.805199885247682,150,5.0241040442400005,6.437781053931238,6,7.439786500588872,4
GA,158,716,874-3808,no,no,0,4.243083018055627,4,8.820978832776197,9.882460274269599,10,2.2598825898531896,5.139360256395559,150,3.1928539891987584,5.089618798672155,0,13.42186925680201,1
HI,98,727,913-2857,no,no,0,8.012942037574179,4,5.8608793158538255,6.223239732533448,4,5.753089657743483,4.961527487534298,200,5.9972624873708895,3.3428509986714614,6,4.890260470581708,3
MN,81,777,981-4448,yes,no,0,6.636607431046803,3,6.608055147789808,5.243057753931001,5,5.658293368676586,4.890138215680539,250,5.406716499450039,4.929006120121176,4,5.058157459763391,4
DE,111,686,620-9126,no,yes,500,2.018493489128555,6,5.8203567432712875,8.191135340136842,6,2.4281868705566927,1.333267798531451,400,4.9672042867468775,5.25609595802008,5,4.673462287473547,5
ID,136,736,353-7453,yes,yes,500,8.081473030463787,5,5.101301937255569,8.156181827223023,1,5.070659596493352,4.061434864400565,150,6.072676751364347,5.516771808663899,9,3.8585421030814717,5
CA,129,676,244-8239,yes,no,0,5.123858512544405,6,2.482303920415473,5.892567942942388,8,0.025748976555837192,1.4479414046594783,300,2.61931510816546,4.285682279090986,1,6.198128414366088,2
IL,111,737,291-4006,yes,yes,400,4.818432337777789,3,5.431116815264192,2.5663364063130727,6,5.266001780323979,6.434516216483649,250,3.9653464962190976,6.560352565292827,5,3.393401693522513,5
VT,47,868,106-7184,yes,yes,700,8.97578712196597,1,6.582057725744019,7.07434824971994,1,6.2854649620901295,4.8465402480372015,100,5.719152131351327,6.1294964589205145,5,8.068634909229427,6
AL,15,657,395-3618,yes,yes,200,3.4059784242150206,2,6.914666106378823,6.5863834653707185,10,1.8199150407917952,7.685357837679732,200,2.274236582431451,2.1098775469458033,4,8.748588496853657,1
VT,84,868,987-9080,no,yes,500,7.675485872300644,6,2.7894344394286423,7.306316812294637,3,7.207641228398714,2.5867299591141832,150,8.012287337806555,6.1121073053035335,6,2.472807832250537,8
AL,17,657,531-4806,yes,no,0,2.174955371809416,1,1.5925444614247497,1.2301673140828189,2,5.929827599275745,4.375456298898767,400,3.8581361517329085,4.667550682884783,9,1.5701797101535515,8
WA,191,876,674-2973,no,yes,200,9.885977044502367,4,7.101308312387295,3.614040169603576,5,7.869463464859175,5.973304192765224,50,6.167978199113903,3.47448199617228,3,5.922691868361719,3
HI,78,727,280-4686,no,no,0,3.017033902641636,3,3.461109844533693,5.087000804450506,0,2.208305326563587,2.9231644570722177,250,8.938272035833519,4.766189582243545,4,3.81840364738868,13
CA,143,676,299-2499,yes,no,0,5.0587498608654675,5,6.427431763502496,3.1917021282238967,9,5.194711251207762,6.827997064060469,300,3.659742403720737,4.788801121213695,5,4.16370005946029,4
NE,98,786,484-4584,yes,yes,0,13.465156623390842,1,11.19838825714583,6.296770933150317,5,9.114427556507351,3.8623519735736163,200,5.912220822958647,5.24881095038971,6,6.697230274256348,3
NC,55,786,827-4881,no,yes,100,12.470509952284894,2,10.790031384846628,6.593312691638805,5,7.448588866326934,4.2570822203251115,100,6.0629324902031625,5.45706723130558,6,5.376505241665666,5
VT,116,868,381-5519,yes,yes,600,0.5823760107517266,2,2.265831186586161,2.4258563220146043,4,2.657055815527853,5.305667334323289,450,2.476386787099518,4.730187094912257,8,0.7457148493655268,6
MO,130,777,930-9896,no,no,0,0.41499416907562825,4,2.9700993009678887,1.5654386448174678,5,3.2180695670003323,3.994747041934698,250,2.9710785559485413,3.2755217378401436,5,2.9558457948620047,5
AK,86,657,914-4801,yes,no,0,0.18260564908369314,1,2.867274615353959,2.6037911936473934,2,2.2143870304674405,3.9193232661490263,200,3.9517762173862696,6.451450758649098,4,4.489099709598932,5
OH,121,797,981-1571,yes,yes,900,3.120334649370438,3,2.7904216157682096,2.9906670269114923,1,5.726256385248816,3.344824629557362,350,3.2429264078213307,5.005078243665951,11,0.643160508125324,8
MI,110,777,629-7231,yes,yes,500,0.09715015493913004,3,2.8537046110153668,2.6934495528636164,2,3.3818456461209347,4.005174756579108,200,1.707638203895136,5.687070857469938,6,5.02536628724252,5
GA,199,716,770-1452,yes,no,0,4.988828236150353,0,8.28029530686289,5.109984975745556,6,3.41392370247513,2.7088678066119134,300,6.170831168394619,6.108971646857112,4,1.2628890643934525,7
OR,123,798,804-7980,yes,no,0,1.4725747618329132,5,3.603382572550716,3.4893050646585864,7,3.4259225471331725,5.484060194235681,350,4.266825823638612,5.655031095114134,5,0.6389169536773975,7
LA,116,766,865-8200,no,yes,500,8.731095408303222,6,4.1991055321737285,8.878095962565343,3,5.6447190624602,6.879080307156143,200,5.711480378222526,7.05984962872998,7,6.507270209609787,3
AR,141,658,138-9854,no,no,0,10.146586620967117,5,8.242293158672334,8.302693944374214,5,7.027485716536927,6.501603151324358,250,4.482691650021547,4.116671422022252,5,9.240435418417047,4
TN,111,847,485-5144,yes,no,0,0.2684289841639611,4,3.336799583145652,3.682722063637873,7,2.7506230978758985,5.2658153808947725,400,2.1601786949545203,7.180411572480869,6,3.1977917634089352,4
IA,10,736,701-2441,yes,no,0,0.28990149929764275,6,4.7572983587915285,5.22556519217728,7,1.7496094617508855,1.8097861628522272,250,3.8119285026847005,3.9671135129511335,4,3.642451766173565,4
OK,107,797,479-8187,yes,no,0,4.2541504444574585,1,4.252044025787373,4.825164591859278,0,4.364420814809935,4.259034657769721,300,4.2848209688399415,3.4543408313591786,8,3.4212916199599173,7
HI,195,727,821-5507,no,yes,700,7.342341192858336,4,6.030608934632398,3.7737957444057266,4,6.636747538439666,5.723924452090559,200,4.927644878924238,4.19397843719869,6,5.3570515467839055,4
NY,67,788,373-2121,yes,yes,500,2.9840415886536875,1,5.949989877017715,2.5922610491479943,4,3.368730279592482,2.7766440875653817,250,5.4416498825924435,5.139124700540178,5,1.789995341791542,7
SD,25,836,134-6295,yes,no,0,1.5488923772382757,2,1.2760984108798317,1.9079850471793671,0,3.2683542352612465,2.644318426216508,300,2.2326246980268865,4.6350001495276105,8,2.6446268448405554,6
AZ,103,659,729-8717,no,yes,700,6.136366094929294,1,0.3280011198814279,0.27974158499466384,0,1.1920740942506196,2.327663072703344,250,0.7592607313066884,5.1917743768219315,6,4.229026835140447,5
MT,4,778,138-4081,no,no,0,8.962360898832419,3,7.7819116285025025,4.5589569770147405,3,7.804408968139584,4.894176243451974,100,5.253919177634116,6.366489654278071,2,7.3434211550485955,5
FL,26,707,127-5185,yes,yes,400,4.9469917399158,2,0.29705520935038976,0.30883395167557737,1,1.1249923435498252,1.1316503109906888,200,4.502792787765901,4.724206301759434,7,2.2872960720148257,8
NC,88,786,790-1981,no,yes,600,4.358785853058693,5,2.604026199605713,4.722539024067702,1,6.331980253591883,5.144159963526251,450,4.315632588031116,3.904292235112037,9,1.335481546703987,7
DC,186,686,175-6373,yes,no,0,4.3354586106374615,4,5.16860957660414,6.139365840621347,2,3.1414338858708453,2.331157943395466,250,7.239787452066312,2.6863463418910487,6,0.4451438675276496,9
OH,143,797,693-1245,yes,no,0,1.5867541364637692,2,3.764021450194644,3.2346097448714093,4,1.6454305420324151,3.6148663782602535,300,1.234785641018768,7.442967237886751,7,4.814526332682243,4
WY,137,878,359-1380,no,yes,500,2.109642236779369,6,0.09001068711018156,0.60120400659354,3,4.346623411359955,2.2277356212966444,250,3.8196902470401777,5.1159711361490565,6,0.4219423513281466,6
MN,65,777,915-1120,yes,yes,500,5.570206613357586,5,0.9856616088466624,1.2968105580055584,1,2.4305528800560268,0.024479438937142103,150,2.4453513141556025,5.742843514374017,4,3.478315480645572,7
OH,23,797,174-5116,yes,yes,200,7.1972698917861875,4,5.169854239854409,5.231708207223612,3,4.504169871122149,4.1484231848692845,150,7.5046105325497505,7.376262746113555,7,0.10458635546705697,7
FL,99,707,562-9922,yes,yes,500,3.5711186063009555,4,3.7839581772409336,1.2914337100514228,2,6.069098141142534,4.287831236264905,200,4.284149175455585,4.985263627011039,5,2.164663124093228,7
AL,175,657,527-1538,yes,no,0,9.025040503366377,3,6.972014174605147,3.302853689711964,2,7.614049190178476,4.13996768331177,0,6.206575539194222,7.744883763436378,4,4.693298343300357,6
AZ,79,659,527-4892,no,yes,100,3.5351298895519925,1,4.2626631136503,5.094098286789706,1,4.65869303592756,1.9471320531137384,250,8.04173970802543,6.2705967932862965,1,0.3638574587984564,12
MD,63,776,689-5699,no,no,0,7.429557622475037,5,5.6415966760961345,4.058160239732049,5,5.2611025498713335,5.489543359307032,100,6.322122014219383,3.658820901869437,6,2.556752908503912,5
TX,92,848,170-3465,no,no,0,5.051253016554312,2,3.1519142506003233,3.122088201881485,0,6.611302737568589,9.074304375571561,250,1.8100993538965997,4.42860973679491,7,6.40779545496144,6
OR,90,798,442-7083,no,yes,600,1.2283690777683214,5,4.4546892919038665,3.289780673953511,7,3.8278490236818863,4.8747238559366535,400,2.3205699924897605,4.788403470968305,7,3.772217342661176,4
AR,19,658,898-6275,yes,no,0,3.4150939695694245,5,3.0390465166363345,2.277511240124201,9,1.0339293700425831,3.859251694820836,400,1.4052943991006868,4.809225331217407,7,1.6675743050969514,3
OR,182,798,583-2456,no,no,0,9.917893052250866,3,6.834248477997264,5.170996300060423,1,7.903392285108545,3.0586782150063767,100,7.364048696599009,6.4355731724395655,5,4.182659470008998,5
NH,69,787,687-9973,yes,yes,500,7.948574308144419,4,5.095106135045506,6.110284902770872,1,7.290510028937166,5.471594711223041,150,5.2965840109834295,4.760402182440768,4,8.043680669264866,4
TX,18,848,902-8334,yes,no,0,6.637888713149526,5,4.209033281829599,6.1932841671603525,3,5.153776379821705,6.014513103434712,150,5.547903406541601,6.510528594372151,6,5.334256697056689,4
ID,190,736,661-1322,no,no,0,4.662284546738933,4,5.447646820819057,7.16056963637891,11,1.6007899149108502,2.740543663702855,550,0.3512041059462057,4.406507550581475,7,6.26270888373179,2
MT,4,778,977-9823,no,yes,300,5.427814501292256,6,3.313802348715992,4.240457579739791,0,5.777856334092633,3.286808072750662,100,7.456042425567952,5.793319895802974,4,0.8117043870128846,9
AK,87,657,518-9814,yes,no,0,4.432590466015327,5,0.4270531298410623,1.0155103955426077,1,2.936873908591907,1.2694036700186344,150,2.540326089738044,6.374027652293518,6,0.024786638449316282,7
AZ,160,659,422-9557,no,yes,500,7.017395434200541,4,0.6502400502432968,0.5776925005749414,3,0.9623293672465144,2.0575542689559265,300,1.7322683938401668,6.143861250045692,5,0.9080508134078702,6
WA,95,876,789-5554,no,yes,200,9.074335878774066,3,6.986116998824892,7.915167245483584,4,6.137082397200392,5.80387119166829,250,4.687737141486512,4.547320929075065,7,7.056422657723563,2
GA,93,716,549-4220,yes,yes,800,4.94903381585993,5,6.073418857143631,7.717745519386868,3,5.079349545008307,4.1310363417944025,350,3.177502358711213,4.868478659882446,6,8.360433855130728,4
ID,139,736,471-5430,yes,no,0,13.101611271839127,6,5.92897394956458,8.309973084283289,0,9.159710270324165,4.753709911900351,100,7.119743650724982,5.198858922258305,8,6.618364203598242,3
CT,197,678,212-9290,no,yes,500,4.105540486883083,5,2.7233333639676607,5.7479439670119135,1,5.197440277577424,2.5640677213384304,150,6.947976168905535,5.5759616463750135,4,2.5115245663498245,9
AR,39,658,338-5844,yes,no,0,6.030850047385387,1,8.260553825218599,7.2151633932234684,6,2.8584438690117904,4.857007231802983,350,4.8383385852027265,4.722508416387946,6,4.1665729735531185,6
NV,45,788,653-7735,yes,no,0,2.8407598788986514,3,3.7219483300587166,4.048087015509808,2,3.877911752005838,2.6658213101551915,350,6.673273987803488,4.319454075145298,5,0.4626053834526829,8
OH,13,797,375-7052,no,yes,400,4.618896167612887,3,3.7439671101024663,6.53875844622362,1,4.440057823888645,4.579283584605214,250,5.6083202861166885,3.983261147389944,5,4.141568498097518,6
TX,148,848,254-6382,yes,yes,500,5.593884685165057,5,5.2955698979220935,2.779469636994193,4,4.575096262110408,4.4765430295303865,50,6.1995205492738785,5.573059086375299,5,2.12923166829153,6
WA,129,876,463-8264,no,yes,600,3.8395710432531738,3,4.129449262703559,4.9256334813490135,1,4.418537545075964,3.5198586528291336,200,5.644800439224674,3.8275803433783935,5,3.3252057826093937,7
CO,60,677,631-2084,yes,yes,300,0.4215569191956794,1,2.994950502730558,2.6020802801634857,7,1.5183173793407565,6.972793149125744,300,3.3816964768023654,4.922892201891899,3,4.171942033414602,4
OH,170,797,760-5930,yes,yes,100,11.83583513990359,3,9.530641950015236,6.967019023053207,4,7.016592819269271,3.31747015427766,200,7.574950710886638,5.0706097607076615,7,3.012212995399225,5
DE,129,686,238-9185,yes,yes,900,3.9223432128043085,6,4.857277559581253,6.395036870786818,1,5.676164197897857,2.247619848891496,400,5.017687422442653,4.9456614261394165,5,5.103249554717113,7
OH,75,797,959-6134,no,yes,700,3.4580869613319782,4,3.1286291042200385,6.648148097578727,1,4.442749422330504,5.827775402669425,200,3.1609397783459086,3.1587695411782093,5,7.818479507713375,5
SD,117,836,724-6608,no,no,0,9.238095674509383,5,6.017919532420716,3.4400612196084417,3,7.001400497204728,4.843469658625389,0,7.270328394963381,6.278790478100535,5,2.8990331540766503,6
NM,185,787,430-7185,no,no,0,2.7295275472003446,5,4.80329338036491,4.57067033398779,6,3.581137357298473,3.956721615007904,300,4.579372216842431,4.547515584421482,5,3.9842819031622594,4
TN,117,847,576-1399,yes,yes,400,2.2025851894534005,2,5.880655949901241,2.746979383085919,11,2.7888417800719,7.8578955892803934,250,2.197168878609689,4.393573112661507,3,7.383546904802188,1
PA,170,806,436-1405,yes,yes,200,1.9867698217270224,4,3.4627631115276025,6.401380500769106,6,0.43135637993287546,2.9272816171999083,250,3.244815291363795,5.5420024335638,3,6.100760561095228,4
OK,76,797,802-3062,no,no,0,3.8463140632055377,4,4.294656612254694,5.77525105464855,7,0.4020511100362407,0.9006715347833971,400,1.1675683577055804,5.702636049640387,8,4.471560912502033,3
MA,144,776,117-4642,no,no,0,0.09933337144328204,3,4.253547545600107,3.8846060621520575,8,1.4545197882483625,3.652560465789311,150,4.984083406654057,5.261341447679389,1,4.973155616548994,2
ME,141,776,474-5839,no,no,0,4.47439526991695,4,0.4820099753237024,0.22469970151381613,3,2.1632392792758512,0.4131798029624054,350,3.042566612646623,4.853366777174074,8,0.3076137181007468,5
SC,42,836,494-3006,yes,yes,500,1.9578763417538416,5,3.4192476757539856,4.996416497253807,2,4.0124176632345705,3.350365517975065,350,4.396564638843863,4.830666880740034,7,1.7438473707691076,7
MS,78,778,409-7712,yes,no,0,6.4370228243873635,6,5.5027611671838095,5.40221334281739,1,6.051372121974228,2.4360688402005044,150,7.141114668914706,4.566845283692643,4,2.1662033906300757,8
WY,112,878,518-6435,no,yes,500,0.7119249683824993,5,2.9663496995934815,4.430666329011807,5,2.3943002990009528,2.2810332176561454,400,4.654314546237128,3.690813438204129,5,2.5305439593071983,5
VA,138,866,806-9170,no,yes,800,7.741945996788541,4,7.176493944667013,6.376694040524103,5,5.963553595564326,6.395538148973062,450,4.174786918234114,5.372021717900632,8,4.231204036497616,6
AK,144,657,366-2150,yes,yes,200,8.341311159486626,5,8.283836727771929,5.4609305240134605,6,5.241156048594717,4.078309443030046,100,6.141543258237543,4.145903918469839,6,3.1916797665078063,6
MN,4,777,560-7296,yes,no,0,5.841497728057353,4,6.2692480516110685,4.665357459936831,4,5.494527127707597,3.1152969189860213,200,7.3774953530924865,3.5873777554208064,2,2.2588992535504695,8
AZ,15,659,520-3020,yes,no,0,9.658070112884396,5,6.166767486361081,6.392121460977968,5,6.66788762242212,6.6392171584872,150,5.5514768520787525,5.892470863806174,7,6.394297417394501,2
UT,78,858,452-9665,no,no,0,5.788626475798331,2,4.287049243680529,4.864012341091124,0,5.491744210294233,3.83081872478802,150,6.9169335350713,4.058667179177218,3,2.7973373380968227,8
NV,77,788,563-9466,no,no,0,12.72761784397039,3,10.82728599294293,10.36085745306566,5,7.141514230060488,3.018006515056699,300,7.422584077954405,6.335044313944147,6,4.387986878652152,5
TN,101,847,629-8473,yes,no,0,1.1509809586573758,3,3.87436955021132,1.53560189354572,6,2.8375729216647327,3.602538656313624,300,5.364866097379244,5.678506420032715,6,0.5058668001194002,6
DC,20,686,200-6664,no,yes,600,5.333202138527106,3,3.840111127044477,5.245221275233868,0,5.780519655755089,4.146290415928638,200,5.979356635416355,5.205847453950779,4,5.756279426280125,6
GA,88,716,387-7964,yes,yes,500,7.459730474675387,2,6.644820305963812,5.379439733228214,6,4.999169693612172,7.7148163503931855,250,4.681509638523888,5.488153792452158,5,6.461739773850204,3
NY,91,788,190-9817,yes,yes,400,8.085069786572229,6,5.058819782183125,6.346566633020522,0,7.876607678453246,4.187236975189192,150,6.741513289356463,4.770371465409299,3,4.9215815150865785,8
FL,28,707,615-3699,yes,no,0,8.53975084149314,5,5.049499960272437,4.3122150940509245,0,7.19456050646945,3.1369649938982547,100,5.764848805228556,4.745099803351425,9,4.267803809388888,4
ID,118,736,123-3904,yes,yes,700,1.2498909472434132,2,3.8962756482196905,4.490892325412137,3,3.1221114447537865,4.449057005514211,350,2.9249123462785227,4.272721134738688,6,4.972078038287497,5
UT,74,858,405-5901,yes,yes,500,5.271333888452502,3,5.5723004115135035,7.1466316259514455,2,4.2364222661491855,2.4666979508704667,300,6.151041976726402,4.2682666134090494,6,3.7673345748939138,6
NJ,34,787,647-1304,no,yes,400,3.4685414143649447,3,6.710424166817429,4.27739315377923,8,2.801467875953489,5.269427080405865,300,4.274604067062638,5.8553167904375565,5,2.464976558993723,5
NJ,62,787,678-7879,no,yes,500,7.469654803761798,4,4.8385280710247525,7.168762215624152,0,4.837122093792665,3.010360370002118,200,7.166874085183044,6.89615096046959,9,1.497204183978836,7
AZ,155,659,640-4403,yes,no,0,1.3887551620282284,3,3.7523069372822544,0.4068874040379562,6,3.4335836816858563,4.933071493436521,200,4.103272594537747,5.435951263724184,5,0.43616416447779294,6
DC,101,686,897-1629,yes,yes,200,5.178219483443299,3,4.55653786551421,3.9846651914563465,6,4.234217687493033,6.276352113537112,350,6.752159081939603,5.278436913625833,5,1.0292001345048192,8
OR,96,798,564-8305,no,no,0,7.912409233157322,1,7.29757217401133,5.0557511856161765,4,5.660703755771895,6.910637317244938,250,4.869885707881184,3.68145303880661,5,6.829208493448732,5
CA,36,676,931-3554,yes,yes,300,3.1725612499720564,3,6.9224437643277765,4.900040168765463,6,3.1664531451219906,3.501752572372325,300,4.930905160796913,4.929381743400672,3,3.820613193141264,6
OR,186,798,371-6032,no,no,0,8.335556913548526,7,5.249526851357857,7.508772921353349,2,6.708360912810968,5.047195604097864,100,5.689329976079207,5.9104810545676685,5,6.20642825539343,5
GA,190,716,531-5520,no,no,0,9.981139499171787,3,8.055819977357473,8.161235853779178,3,5.991827705438024,4.50579599660153,200,4.756524053162784,5.004282550102019,9,6.746280817007692,3
UT,9,858,668-8648,yes,no,0,12.279197622309285,3,4.941322963136679,5.081106719651755,0,9.140435724673443,6.530772968198511,0,5.999338058346777,4.387494117868719,8,7.10115344970728,2
TX,2,848,414-7997,yes,no,0,7.476826264734763,5,4.717977579968401,4.482815659036497,4,6.393863419505419,7.326728422764077,50,4.310388755986697,5.358981839967531,5,7.759214488215512,2
TX,150,848,332-8966,no,no,0,0.3206577937554309,6,2.401979875211815,4.105505245770966,4,3.905050306688908,2.8004802715407937,300,5.067738119233047,2.6197917762434195,3,3.205380880072473,6
RI,190,827,294-3013,yes,yes,400,6.6451101525527045,2,6.08834165506369,7.652222710106889,2,4.621167705827574,3.463265629686034,250,5.895515327516781,4.471445380708176,6,5.066261036131261,5
LA,109,766,179-8832,no,no,0,6.524405342132886,6,6.081361408244819,7.8057010242070035,6,3.882233278776409,5.132442475501193,250,4.0488006466351685,4.821034740451551,9,5.772535225212794,3
IL,152,737,729-9696,no,yes,800,3.8012422196140014,1,6.115843104271387,4.246514652597428,6,3.0863906900803717,5.071615310190817,550,4.76205669386275,6.80765591063266,8,0.7608193866056716,7
AZ,94,659,646-2325,yes,no,0,0.6255696244565918,4,2.2680381294014462,2.8714955096722194,3,4.091799190022447,5.129244373373195,200,3.3986874330517565,6.068745703639642,3,5.043780675294278,5
NC,83,786,796-7006,no,yes,0,6.645367351802324,1,8.437964925588815,5.585801854434272,2,3.971485194592924,0.9680983050587396,300,9.264344818758737,4.2450036937485605,6,3.1254587665112514,10
WY,75,878,606-3192,yes,no,0,0.7541587935150567,3,3.4028562330196808,3.1428564575629503,4,3.4995160232104503,4.712471533137245,450,3.1120363282833146,5.584052633123363,8,2.180712678057003,6
AK,11,657,812-5381,yes,yes,600,0.7509091771612759,3,2.9934279182873653,3.9712495442576463,1,3.358618968997699,3.372602540794273,300,3.351659653138598,5.176631603549322,7,2.681302751177071,7
GA,143,716,867-9101,yes,yes,300,8.59311582729312,3,8.503823240534036,8.140013346968566,6,4.408957766525894,6.205772180712977,200,6.143460267988804,5.269887449341659,3,6.627001655806514,5
NM,28,787,840-7391,no,yes,400,5.019275424877817,4,5.419035055293447,6.816693835486479,4,4.793793166723962,5.413454232725001,200,5.034658607096025,4.116437569537993,2,7.436372017504494,5
OK,129,797,688-1100,yes,no,0,7.309872191125756,4,4.843242513895484,4.188089006318196,2,6.377362265108348,5.057100442017298,150,6.620651883885232,5.271974310754813,4,3.4887435041803263,6
NE,114,786,109-6526,no,no,0,1.6310636319480372,0,3.4451298414962426,8.262626384234986,2,4.293412589824225,3.727916549330936,400,1.8081578950197008,3.9716808955787695,5,11.285901863894244,4
IA,8,736,476-9463,no,yes,700,1.948834093260324,1,2.6722785227890817,4.21078848720534,0,3.6715268728123367,4.622427787778307,250,4.01105313406161,3.991990527593957,6,4.240426162922809,8
HI,91,727,372-3856,no,yes,500,11.370720828387675,1,6.921442270824993,7.801939526258888,0,8.461942660826388,4.4560985227408505,200,5.340007380781062,7.297788687858166,7,9.016769429233523,2
AL,79,657,250-8547,yes,yes,600,13.71763561346622,4,4.719056698497568,7.218315061806708,5,11.951861247865295,3.830993181110163,0,6.502921886950114,3.5479293708439186,7,10.66910976865172,2
HI,44,727,633-9351,yes,yes,500,1.3243261968660254,3,5.2110423653339835,3.518035458097984,5,2.6875825111221747,3.298070928786036,300,3.8396173342328512,4.890216742306358,6,2.3115049202387734,6
LA,33,766,368-8731,no,yes,500,0.9841845116457923,2,4.517746009399724,2.9420378161605067,4,2.770139585246044,4.064362115409106,300,2.7482948258797983,4.5416810672319,7,3.2653216669768437,5
SD,176,836,941-6786,yes,no,0,1.3063865680136564,4,4.8707970943718495,3.578015281651697,6,2.826497187380287,3.4824088835442013,350,3.556789211815734,6.314651354138559,7,1.7593337011807355,5
KY,41,758,509-3301,no,no,0,12.752871343995546,4,7.686908876804025,5.583948721274501,2,9.595911107451867,4.536555855654519,50,6.675655630026588,3.5532356277831267,5,6.883714989394255,3
WY,175,878,862-4135,no,yes,400,2.20062766755869,4,1.4479090528314815,2.219619288696731,4,2.8060689148044538,4.200463687483961,250,1.3206014260330001,5.055980601683957,6,5.422052081094786,3
CT,119,678,756-8044,yes,yes,100,7.830313653105421,2,10.270856190313618,5.707889988614577,9,4.530616318366282,4.133546347862969,250,4.901081423121749,3.858659820130464,6,4.069771559637581,4
NY,15,788,135-2971,no,yes,200,9.912207000704667,3,6.699160618755782,7.787136704077718,2,6.333234707526578,5.006144995220149,200,6.618394130115341,5.861222300266334,6,4.3810392288023445,5
KS,184,758,328-2016,no,yes,500,4.625984377522617,4,8.972533462169046,7.973920749733491,9,2.3075530000013,5.318182111641521,400,2.1434120580700724,3.81468030232226,8,5.999688481179442,4
MS,131,778,472-6065,yes,yes,1000,7.749749354888031,2,5.028137258712818,4.000240439534855,1,7.599795049030173,5.919247149012077,250,3.560867481534025,3.9055516193048216,9,5.141102956450089,7
OR,42,798,348-9993,yes,no,0,1.3060356881970798,3,5.599382256574818,6.558291952190722,5,2.1172709457777006,2.7410636151756047,450,3.0500848555354017,3.73424796433081,8,4.732877242867426,4
IN,92,737,472-5869,no,yes,100,9.195333229838788,5,8.042031436078107,7.025432160347827,6,5.627695233646335,5.111198964103978,150,6.792773030574051,5.269097609584986,4,4.13693639744205,6
PA,62,806,193-7252,no,yes,700,0.3726074241722559,2,1.7891602405271123,3.2023308309728207,1,3.7477951371187386,0.9369399471641912,350,6.162494955832609,4.785624490269837,6,0.31737023054418323,9
IL,64,737,917-3024,no,no,0,3.4611971164837096,4,4.145893594573812,3.879550851198684,3,3.3511533309375623,4.8141971500857155,150,6.123786679158673,7.389170136919724,4,1.4274792118842523,9
AL,7,657,615-8292,no,no,0,4.674676643970966,2,2.517731609678137,1.849459800726544,2,6.860392030705673,4.991396798503201,200,4.453460764454904,5.536020304068959,7,3.0361891018389464,8
NV,116,788,123-8993,no,no,0,3.686398606863156,3,8.814757998812313,6.0856598074131565,9,1.5536654504159175,1.7514756433086551,350,6.944266890414369,5.556382250093014,5,1.7295909079244431,9
DC,60,686,995-6703,no,yes,600,1.0926252357570077,6,2.4016207811683743,2.8334944459330087,5,3.6523735639028794,1.8305849988123075,300,3.7714513463211037,7.4782926464335775,4,3.93342313016257,4
CT,94,678,301-6992,no,no,0,5.915222413562777,6,4.0515032743761035,4.3874552588016025,2,5.6035868463478105,4.551460733940911,100,6.788831385486903,6.234999917758003,4,2.5587609286933697,7
ID,143,736,242-8993,no,yes,800,1.8350532088692104,7,2.946709114846228,4.9442735020121935,5,3.284518234155445,2.925661430573236,350,0.6399302909278406,5.060765011990339,6,7.728175669829872,3
CT,113,678,728-8886,yes,no,0,7.291548847604867,4,6.60025967724883,5.684139372902969,4,4.451697471410009,3.085699832417112,200,8.710451569090063,3.6155617017132218,5,1.5490930681605013,9
ND,123,786,819-2919,no,yes,400,8.587781053125731,2,6.97176677344218,7.211995661845754,3,5.971108669026831,5.027916444781462,200,4.675765857679496,4.421051053742613,7,7.139832380114179,3
VA,4,866,126-6301,no,no,0,6.396390975981852,5,4.485674224289736,5.052297516553176,0,6.1637729350925445,3.770680245497802,100,6.393601230487472,6.9443763368378875,4,4.103064535456304,7
IL,16,737,385-9709,no,yes,700,2.987053302334666,3,3.6168649295947097,3.3372169626735597,3,4.8441294150749945,7.059707459189923,400,1.8649290014133648,4.6319136043141365,9,3.5954625301541445,6
IA,28,736,444-1522,yes,no,0,10.688448327857307,2,10.147592889511916,7.4961143855930805,5,6.0123388762674095,3.477918195350895,250,7.02197206084208,5.408548838114798,5,3.2862512843590794,6
AR,148,658,969-9396,yes,yes,500,0.8761671247690526,0,4.317151345257706,3.801816868486324,1,1.5526860584139524,4.172187834374139,300,2.4831720248585687,6.254749149630939,10,1.381159413710424,8
MA,117,776,295-7897,no,no,0,2.9609540314750005,3,3.938544942263083,0.7183731900535184,6,4.222006012231478,6.795121741546263,100,3.379160149198454,4.197708240560753,5,3.0013794898104056,4
VA,186,866,142-8717,no,no,0,8.918530031284238,0,7.127501957113411,4.9304272279655486,0,5.365971186551395,5.472061037054787,150,6.3908598722613625,5.238585248427669,5,5.6067392252172175,6
WI,152,877,331-9146,no,no,0,7.197016654928392,1,5.695049305376456,8.650153314512231,1,6.0370555858144055,2.3304364501132997,300,6.220521513351533,6.2395778515584155,6,4.529908025167647,7
MA,103,776,889-3737,yes,yes,500,0.5245685665295303,1,1.0299727243021164,0.28610424963229075,1,3.1177313662822748,3.7735330721084748,200,4.797880438070526,3.9466501233458313,5,1.0662320627890396,6
OK,14,797,437-5663,yes,yes,600,4.372232488895204,3,4.763078037268163,5.3501163388193635,4,4.920831225845059,6.597558911881025,350,3.0576633123956762,5.956779214999077,6,5.478657388474944,5
RI,41,827,167-9054,no,no,0,3.7048258147335487,2,4.044400793052528,4.4339890320652335,0,4.765113912414995,5.10118299822576,200,4.05977455966408,5.6099004178914615,4,6.407390388420709,6
HI,179,727,983-8451,no,no,0,2.182287153162928,6,5.326149544656051,5.716919155916724,7,2.7290019630250884,3.458792846347496,200,4.562079277996786,4.732106752940432,4,3.154575668621604,6
SD,143,836,907-9233,no,no,0,7.411636577452363,3,5.302731213895161,2.6009901682029213,2,5.970321269902227,4.979757053009465,50,6.086889886254117,5.287626557620759,6,2.7958318824480126,6
AR,56,658,625-1277,no,no,0,6.00302340865297,3,5.8769847175636825,4.232927601714052,3,5.425422606292435,5.424970576154869,250,4.722065120565299,4.59344072266932,6,4.088441755249263,6
MN,184,777,341-3441,no,yes,200,0.6857550815910276,4,5.873107227771727,6.261505806127044,8,1.118448203986055,3.9982754879430416,250,3.175363346038959,4.4304694005497565,4,4.9337987727226915,5
TN,8,847,142-6992,no,yes,300,1.1099708198317035,2,3.6585751595982208,4.343176042690038,1,2.57124157866337,1.1597511019131947,100,5.7130545032377205,5.331256388486119,3,3.7607465802109217,6
MS,6,778,425-1154,yes,no,0,9.0021040124943,3,7.259777607031228,8.573168620729302,1,6.936685603350862,2.806751043720592,250,5.282298052207932,4.1422478058215555,6,7.3431979093549185,4
MN,122,777,371-1132,yes,no,0,11.975681885115945,5,9.451321293600083,5.468655747090894,10,6.296991010866032,7.183277711088032,100,5.943683275662737,4.2403551778239414,7,4.2913691831384435,2
AK,96,657,578-8825,no,yes,300,0.6095853061654289,7,1.829146083106416,2.9758527495567697,4,3.7507716492255567,1.2394433362628607,350,4.9292521593915835,5.417299665132466,6,0.2757086698743389,6
NV,77,788,280-1424,yes,no,0,6.309812329328097,6,6.937131032056593,4.417012395141981,5,4.152909313163772,3.0474013975949563,150,7.75478424000346,5.0477844555996345,5,0.07789345566624918,8
VA,185,866,508-7665,yes,no,0,5.84227678852298,4,3.7493068591437964,5.4521793993371865,1,6.990465836751428,4.388807188755727,250,4.782047001864488,6.315469599092465,6,5.242019485893705,7
SC,110,836,797-8488,no,no,0,8.381850464196756,4,7.003848906325562,7.233341599354861,5,5.6548348482057635,5.772931600045285,200,4.8017966544762665,5.328332555030091,6,6.424205471483054,3
NY,42,788,298-7432,yes,yes,700,2.6690053702787138,3,4.057337737260436,3.736723295831108,3,4.54728973130536,4.486676060035081,250,2.5903507719358627,4.122311735054585,7,5.567996869687148,4
DE,55,686,563-9580,no,yes,400,8.622185648845228,6,5.322886821996124,7.412014075269695,1,6.310152425292285,4.142484912774503,150,6.777477791994157,4.022754618012882,7,4.0902426781757635,6
CO,174,677,301-8327,no,yes,200,9.078546777335797,4,7.49193714034428,4.122058820921005,3,7.403485883829066,2.2688727762860297,150,7.505617175821012,3.2528918660441946,5,2.7328031635390797,6
NV,20,788,309-1167,yes,yes,0,1.089074165123379,5,0.497056749698153,0.6527778536067688,3,3.783218824845034,4.349295634269298,0,4.488667668140503,4.872419475252693,1,3.349695186713256,5
LA,173,766,776-6350,no,yes,300,3.132494056343143,4,5.776832938201798,3.68770403825592,7,3.1458753407792472,3.4204645538465,300,5.507810655509031,3.898962991451001,6,0.4172233384529971,6
RI,54,827,772-8921,yes,no,0,5.157019959601642,3,7.612684255389695,5.537157147641035,5,3.452210859346435,3.1716196752020007,200,5.2143772246686035,4.766763811650946,5,2.787212230950316,7
FL,132,707,530-5946,no,no,0,5.180911353791997,2,6.455358814898666,5.093049312584907,3,4.275861828079857,3.588297522272308,200,4.6699010843020705,5.674457500591411,6,4.777868685563954,6
NJ,65,787,691-8137,yes,yes,0,9.384702675641211,1,8.264227427724508,9.670224334475646,0,7.586691491875102,2.5396162862412304,250,5.413473822971473,4.2081490484384165,4,7.865071644474599,7
HI,2,727,310-2449,no,yes,300,7.1266755269757125,4,7.320843517085255,7.487104532179473,3,4.775197244966932,3.4956914112736364,200,6.159054458761252,7.584346921469218,4,5.026836805336246,6
NJ,118,787,651-6416,yes,yes,700,2.257804921307298,2,5.872418286191532,1.4535589838098617,8,2.940912767902562,5.6537515834725305,450,3.117117903584183,2.7526527813018884,9,0.464760606276478,5
KY,183,758,392-5326,yes,no,0,0.3996978848252821,4,2.272189206038269,3.4691986528780507,1,4.490044119868002,4.87933383989476,150,3.970085389442816,5.158544326541329,0,6.674033652744999,8
NV,178,788,265-6935,yes,yes,500,9.617305072700164,4,6.302860392651203,7.100816186577758,0,8.490798325221679,3.9838461805886975,150,5.4916225411705435,6.149291627122402,4,8.745098049463838,4
SD,9,836,282-2927,yes,no,0,5.212495498918663,6,3.808202645875504,5.435672025363953,4,5.183430486603396,5.14823318462362,300,5.839405567887652,3.979102369860735,7,0.7734558767955733,6
OR,7,798,810-5073,no,yes,400,9.599980957164156,4,6.881919418047342,7.453305968540617,1,6.840658422407656,3.365096599098407,200,6.281071865755293,6.310066719552332,7,5.0348918731508565,5
CT,193,678,975-1551,yes,yes,100,7.801079483760209,2,6.1903184550467225,6.6514842396862095,1,6.879444483928107,3.820463078855816,250,6.519782743486853,4.632707662661594,3,5.302494663412847,6
OR,35,798,640-4228,yes,yes,300,7.460579939552153,1,5.156535836259897,9.011644172211502,4,6.2461822536946725,0.09735299176139113,300,6.826120926120514,6.399858943203187,8,4.214858042462337,7
TX,158,848,713-8858,yes,yes,500,0.4791905890859241,3,5.069836319775071,6.868683938333696,8,0.9680604710888598,6.8440623663542866,250,0.1911189998821925,4.286309986106692,3,12.138762138384363,0
WY,151,878,787-5361,yes,no,0,6.710370339279683,1,6.455627646790403,8.04748231028122,2,4.263949906629378,6.136721024307557,200,5.270625172028682,4.119453178489746,2,8.85195683724483,5
UT,104,858,276-6408,no,no,0,4.716842254211432,4,2.737111167266538,4.50813404985309,2,6.80959552333055,3.4361421072110696,250,4.5908513781571845,2.781357271529351,7,5.128886181096436,7
ID,124,736,732-3033,no,no,0,8.96336462625273,5,5.5768495040464,6.052599729475236,0,8.141881273663692,4.026546861190493,300,6.1520911672232925,4.523695369076283,7,3.0610440344219287,9
LA,194,766,940-3594,yes,no,0,8.342793232900037,3,5.594391066223299,4.523051676281667,4,4.989050546708133,5.565766405756767,150,6.955365811017213,3.8501817966418734,8,1.874705854895644,4
KS,134,758,160-8877,no,yes,700,3.898652317115225,1,3.372660699881948,2.4089794987861097,2,4.839949503879491,7.393861170289169,350,3.871178242128503,7.02387583675748,7,1.5999766387977297,8
UT,61,858,127-7305,yes,no,0,1.9029771673963156,2,2.155986251695559,1.1174853123370359,1,3.0986009131569308,1.8227555576283565,250,1.8548671445350176,4.6364582036514195,7,4.253804633822994,4
ME,48,776,966-8394,yes,no,0,3.4274073246014205,5,8.52016358378648,6.705244349625512,11,1.66005020088432,2.8677563355504314,500,4.8498422099638665,1.7232162206647301,8,1.696705852507994,4
DE,127,686,627-6202,yes,no,0,4.211341689636758,4,3.511664850494176,3.5086370529360056,0,5.976761945767213,3.484653301485828,400,4.023435514283976,5.2119613745593885,11,0.060323722147791685,9
MD,59,776,482-1935,yes,no,0,3.038494833624549,5,1.9854909090515658,6.39281198599949,0,4.33290129889107,3.775981014548872,200,5.25850204693244,7.012702003274776,5,5.4743354457111595,6
CO,186,677,955-1313,no,yes,600,1.7523215957022948,7,3.1310020167663377,7.095471660661022,3,2.2714428276377374,0.8266078431389206,400,3.6686857741818684,4.546966750908787,4,5.119774901711289,6
KS,194,758,304-3201,yes,no,0,9.54197702946733,4,6.1916602368736795,3.8618455741460096,1,8.491222262174915,4.421530412859129,50,5.562765944097349,5.4533494357699634,5,6.6611549589239125,4
DC,186,686,159-6956,yes,yes,700,3.4826019521427103,5,2.6113653655661646,2.5858914259511776,2,6.7005830206954125,4.330139143720358,300,4.037178589008003,4.254210658436908,7,2.3309141234538733,6
VA,40,866,134-8000,yes,yes,400,8.970443164881814,5,5.866311984832263,6.3081134419611935,1,6.859790601320207,4.060251953224814,50,5.8530992989194415,3.010550816029588,6,5.8590721871189775,5
TX,69,848,450-6579,no,no,0,8.644833808737593,2,7.183393352747885,6.379853865435951,0,6.989425839882369,6.414414580268528,200,2.7654759527194948,4.1111499388137736,8,7.834977464027108,7
MO,193,777,124-8374,yes,yes,300,6.2075627294216025,4,4.8808902398991885,4.8218236633954605,0,5.775185286898728,2.7497913194021546,150,8.5410855052553,5.042939909836835,2,1.329306353863291,10
MT,37,778,100-2118,yes,no,0,3.210323192870685,3,5.761634957720351,2.8380838619023963,7,4.169431600635504,6.5361866720375845,400,2.022024122706042,5.773999190696544,8,4.450284300529052,4
NV,163,788,417-8069,no,no,0,2.846974803106373,6,3.2922191523792543,4.759927652521367,1,5.494618280794295,3.5984608613180544,150,2.8361165666791677,6.396729747935744,6,6.518160917761067,4
IN,79,737,880-8379,yes,no,0,2.9866711530392016,0,1.183260802673248,0.2806332469739168,2,1.2950917602453171,0.7569802142366244,200,3.9181031951569643,5.365483617581871,7,0.5402073321075429,9
IL,172,737,742-1434,no,no,0,3.278958928189128,5,6.501081489380001,8.39292667973588,7,2.6099895675829003,2.492052966458528,350,5.809195160906956,5.74160731150651,3,5.163860535337488,5
DC,72,686,781-6087,yes,no,0,8.634996795827412,4,6.559660716735803,8.4954809789031,2,5.9366507773516926,5.250841067905591,150,4.959772447962872,5.802490424983231,6,7.023212150299221,5
WA,33,876,339-1517,no,yes,300,6.335236521427838,3,7.431004995528575,5.462006573642866,6,4.5843232123419435,4.506497390817048,200,4.9554548319080185,4.9793077079522,5,4.7114945140037365,5
ID,113,736,599-8507,no,yes,600,0.5186814408540803,1,3.6708701661562113,1.4516128869210243,0,2.7051600207052973,0.9956224575657622,250,4.7870105915593735,7.039914108260103,8,1.647139106545792,9
WA,95,876,997-7201,no,no,0,4.168436183662209,4,3.3053573130808536,5.114157952152287,1,5.289609146395365,4.907487381762191,250,5.417720774756867,3.4156863567923885,4,4.34574685346422,7
AR,65,658,732-2271,no,no,0,0.1956851572907992,6,4.505205618585407,5.1367544260652345,9,2.2930326539164536,4.029654603258368,400,3.1341301445638035,6.319525508253722,5,4.19635438742469,3
NY,39,788,631-7589,yes,no,0,1.6993531632148944,4,1.9476927821193761,3.05166365451974,1,2.2984129776004933,0.5022376073088486,350,4.52260340138229,4.58557319218748,7,0.31717620445794115,7
VA,99,866,625-9940,no,yes,100,10.210592970208731,3,7.400162273503174,6.668053141955324,2,7.605095787433433,3.620568055048146,150,7.107426304608383,6.519029935108193,5,4.453725343597347,6
TN,144,847,345-4653,no,no,0,10.571859213617996,3,5.526364353839628,4.316684953173319,0,7.972698791924404,5.541648076979191,250,8.032371339892464,6.65541133679762,7,0.37920808178898996,9
NV,24,788,863-4747,yes,yes,200,7.514620834976587,4,6.8938148164774224,6.754833839288835,3,4.8033551688839315,2.9228062063654363,200,6.588861230799735,4.227113760299981,8,1.2747491128132404,7
OH,138,797,440-7096,yes,no,0,4.0892162991379335,4,3.9035829723938784,3.2659652346681827,0,5.415101812348817,2.774851670892821,250,6.381724476928016,5.737970767987334,6,0.3914334139214848,9
IA,162,736,822-3639,yes,no,0,11.120807980113778,4,9.405390214310868,8.229466510253747,6,6.277695237611932,4.607247412108128,200,5.871895814309838,5.493523384806979,7,6.324243247529799,2
WY,75,878,376-8197,yes,yes,400,1.7738041575878238,6,3.980833666095916,3.2942869484508086,7,1.8071145437966158,0.4842572083365173,300,3.571486958717068,6.340836659684834,6,1.443012431853672,4
OH,54,797,979-9347,yes,yes,100,11.801996664990833,1,8.886521776277887,6.21621610782784,2,7.874111506054274,4.367487413840801,100,5.966646345767026,4.499198365091984,6,6.918048349889182,3
DC,20,686,996-2889,yes,yes,500,1.3039659253250613,3,4.5291201589620815,3.8387343760514008,4,3.1514088668305185,3.1773657930151438,250,2.7679081024326506,3.775536250918875,7,3.723064458685767,5
OH,157,797,720-1436,no,yes,100,10.899230949814935,4,9.982387499476069,6.337348378885633,6,7.484734814403312,4.800408461498897,150,4.9075501650938405,4.313043030635089,5,7.180154667981441,3
WI,115,877,473-4681,yes,no,0,0.1930045978157935,3,0.7595129816121302,0.3379285822972227,0,5.507794381763527,3.2486231304743547,250,3.831690612323361,4.868249414743345,6,1.87708939472112,7
MN,52,777,509-7030,no,no,0,10.277318515315557,3,6.638751641693747,8.302082965228795,1,9.025940691873641,2.7420225662252715,200,5.818648340038785,7.206674464882183,5,8.555313381231779,4
WY,8,878,310-2086,no,yes,400,6.245780645742607,2,5.118774849467141,8.082050430410893,1,6.763095739291381,1.9551033647754927,300,5.553025750844721,4.02962306200388,4,6.6293913247033975,7
WA,11,876,828-4619,no,no,0,2.5860830272064974,2,2.760374920065832,1.1463533057683402,5,1.8518919978272008,4.299296833973644,200,1.1980206367550914,4.536540202018607,4,6.071683658491567,3
MT,138,778,925-1635,no,no,0,2.9117259260873283,3,2.380081180272077,1.1092787874242194,6,1.5147182191543038,4.314161190502861,150,1.5819670178349945,4.890758316227754,3,5.471266693113433,3
NC,185,786,241-9902,no,no,0,10.144767993064047,3,8.004888451978314,6.239292593362298,3,6.929717319179376,3.8334447031054473,150,7.6004820989338375,3.4579756179773025,4,3.4483525973126548,6
SD,16,836,222-3843,no,no,0,9.046164464444443,8,3.919946124181962,7.087645874432452,0,7.633716904552123,3.4474349816120298,100,6.7437086462199165,3.813228888231472,7,5.38915536020306,4
ME,194,776,521-6930,yes,no,0,4.653810740906821,1,6.6995826199992425,6.405365295936703,2,5.607587587341844,3.1586758224550198,300,5.1686540303922985,4.543237003111629,0,6.432856987138362,7
RI,175,827,608-3201,yes,yes,200,7.936987857603245,3,6.94455650418858,4.99924248034282,4,6.884302203241942,5.434158942050617,200,5.896483491292898,4.861916528349304,2,5.463828326965584,6
NC,42,786,869-1827,yes,no,0,2.8674302732128036,3,1.5601578350452208,2.2163814394485053,0,4.2150608970070715,3.5737195789557474,50,3.7698014208891384,3.5630246851403857,3,2.5285127788713484,6
SD,6,836,541-4505,yes,yes,600,7.912092006721747,0,5.0219229589569485,0.6207646339565578,4,6.47898227114804,9.164085862286674,300,5.109895193388327,3.792325802095117,8,0.2052072632156081,7
WA,3,876,551-6049,yes,no,0,4.6786415492062625,4,4.934037696299856,4.194229993650441,3,5.244023986851339,5.640751105946037,400,3.155233775656756,6.82773908807239,9,3.0293638550092297,6
MT,191,778,479-2759,no,yes,500,2.5951843397700127,4,4.083826641873576,2.110668280254313,5,4.484170084142916,5.1110734198451215,300,3.7273099136151178,4.711248335978273,6,2.0418168590327235,6
AL,192,657,461-3152,no,yes,300,11.810992062286966,3,8.230956093279156,5.06667450519218,3,8.18142267046616,5.381140276211351,50,4.8194315764352,4.069505901334936,8,7.0219316656703485,2
OK,125,797,934-4775,yes,no,0,7.155679953306058,3,5.41598991168629,6.0069580232828965,1,5.424938021600256,3.49859037041475,200,5.468719800006827,3.389273718868126,8,3.751867358874645,5
PA,175,806,306-6185,no,yes,400,12.875444426470995,3,5.514325488941162,7.330407687864063,1,11.042011574227132,6.0055697340424965,50,5.136496105700912,3.356918882443733,5,11.554454321975253,2
KS,164,758,414-5551,yes,no,0,4.140002104386642,1,3.877023290043232,6.662533619699793,3,5.325697664943187,2.1277312895998457,350,4.37858613658397,4.516991400364903,8,5.510889175166764,8
AL,24,657,122-7701,yes,yes,700,5.100416905953626,6,6.538255191962851,5.661807944938334,7,4.617178988560295,3.069681301989468,500,5.934322624008918,5.969231727164158,8,0.3707210217327024,6
FL,48,707,910-1867,no,yes,500,5.994422768557673,4,3.7089360487286127,3.2986280640462105,2,5.818298140188869,5.028661821689706,100,6.206362521451041,6.978263303213664,5,3.5540696208891216,5
WI,79,877,978-9054,yes,yes,500,6.945696646842363,3,3.727696708934753,3.2851895356498035,1,6.447988155632345,7.851158236877237,250,5.393960829550627,4.722527226184195,7,0.3840228394754108,9
NH,187,787,351-7531,no,yes,900,4.3958010214544805,1,3.5582700552728257,3.911208849617412,0,5.600051151053245,5.408406370554896,350,4.386335744169443,5.849056047883019,7,3.6273836560643513,8
VT,15,868,494-4250,yes,yes,400,4.4101152468629286,3,5.191158471641634,7.172497337579747,0,3.8988363580787015,1.9902641777111476,200,6.325687772187685,2.6034065898788565,5,2.9493223113847007,9
SC,85,836,897-6489,yes,yes,400,7.725267652427464,2,5.1724843770239,3.829263297214896,0,5.947488702295974,2.9414139842747016,150,7.388681569634881,4.275390025604049,7,1.534858710429785,5
KY,126,758,144-6103,yes,no,0,3.2327211493579204,4,6.308836211593594,6.689828590145843,7,3.0568640205239843,4.7885314915271655,300,3.221295624292503,2.9002533876783234,5,5.852559246123366,4
ID,110,736,372-3166,no,no,0,1.479340729760389,3,6.456066164373988,5.923898313333732,7,2.4723733220093846,3.9542203486148684,400,1.6882693295613644,5.653632502377527,6,7.751347609572424,2
OH,149,797,119-1588,no,yes,300,10.089196974404306,1,7.304855171363652,7.359685904433478,0,7.3578349006118176,2.9280320830825137,250,6.0285943786692044,4.985102513250631,7,6.17797743131634,4
OH,41,797,791-2794,yes,no,0,5.333009627955003,3,6.844404067191586,5.256013969213436,3,3.3401263724058694,2.0563879709504302,250,7.020042613149759,5.726680766058098,6,0.13124105701865751,8
MD,53,776,886-3301,yes,yes,500,5.935829978859209,2,5.091385055701919,8.384321082989075,0,5.4909343611401304,3.1916895521852053,300,5.185068605624785,4.672113994834262,5,6.790753531357501,6
AZ,91,659,656-6911,no,yes,500,2.5386638332387217,5,5.449646907349753,5.061181451057427,7,0.8583097519913307,4.8608435251823545,250,5.144038970473075,4.024056111481878,8,0.008900535621601868,7
NH,165,787,755-1584,no,no,0,4.429479771595063,4,5.845480911331527,7.233522599762981,4,4.280847539075099,3.2377898737753523,350,5.599561855204342,4.554136246522644,4,5.466103551943714,5
ND,122,786,989-9579,yes,no,0,2.8335782370250886,3,3.803158957908413,4.004108039840969,4,4.06796792329271,5.542010610716139,300,3.9450370682741602,6.8204106494002605,5,4.177657838689961,5
NM,29,787,891-5860,no,no,0,4.3628498944808545,5,7.159849240375757,7.7352531222831935,7,3.5345249261299534,5.084755623984722,300,3.3001544566702554,5.764860337498853,4,7.313539833545129,4
CT,166,678,982-1331,no,no,0,12.75611685198152,5,6.475032550898862,8.354542190033214,0,8.110483346084441,3.2222139512868617,100,7.873340778895978,4.867407784569903,10,3.0181501073073296,5
NE,149,786,221-6964,no,yes,100,0.2512546941863958,4,6.223990355062544,6.9905812221069805,10,0.03265966941588605,4.072080880993642,150,2.838380087123828,4.283264247227699,3,8.126861695529287,1
UT,68,858,329-7659,yes,yes,600,3.721949606798596,6,2.363771912664757,2.38556517848904,1,6.819099628223539,2.845924122076388,250,5.566229041851258,5.895878729348175,7,0.6814171052061342,7
NH,171,787,659-8492,yes,yes,400,7.69539914629255,3,6.364786207557313,2.2863193550537693,3,6.581307676647488,3.6608911340545225,150,7.075180044488113,4.692441086053021,5,2.6292182173024683,5
AL,145,657,891-4058,yes,no,0,0.990197062763836,2,3.428666509606925,3.6116330406427495,0,3.4259203827544926,2.8917481656653483,400,3.0801000201709368,2.823463730328178,9,1.5032551568604178,8
TX,79,848,945-9680,yes,no,0,13.601934341042393,4,7.873577024925545,7.68960164755417,2,8.02602586579142,4.455068700972533,50,6.616181449435401,5.990576380843674,10,4.7953287422841315,3
TX,189,848,413-6341,yes,no,0,5.655901459836817,3,5.913986057954795,3.472942755179936,5,5.173797350517352,5.06450433134557,250,4.341425411896578,6.522965732463125,7,3.7360107413602393,4
CO,158,677,110-8895,yes,no,0,7.213736897257496,2,6.200277736643868,6.442340844993111,0,5.330517462154253,2.741375998273816,300,6.453692289492179,4.71182575175518,8,1.0103571746959288,9
IN,51,737,206-7168,no,yes,600,3.41497868031772,4,3.2722311952674823,3.999917769018533,2,5.248537530692404,4.71952316623721,300,4.493278813183963,5.011037336910985,6,3.4018297188882785,7
WA,169,876,897-3976,yes,yes,300,7.3770556481299625,3,6.9029214495044044,4.014407334410879,4,5.778271235151019,4.3808587864295605,100,5.648410560061111,5.7545051310262645,5,4.056987484094522,5
RI,198,827,278-9201,no,no,0,10.887262325992284,5,7.265846118619827,7.433797757035161,1,7.753510476637349,4.3671568313537685,100,6.815946908919193,4.239314820210065,5,5.276036075023446,6
MD,88,776,679-9684,no,yes,400,7.756174746558624,5,6.085670698075369,3.8276134112912703,4,6.620408837772179,4.270962326977074,150,6.759574237774861,4.7540639441048365,4,3.5017297952557613,5
MT,127,778,518-8718,no,yes,100,1.7179802104002508,5,3.320232454363345,1.843801447304933,11,1.6170501647365303,4.1325263592625845,300,3.3578902426374735,6.557520314225199,4,2.422613088068177,2
NJ,185,787,103-7518,yes,yes,200,2.3644146952258693,3,5.671773125353818,5.781596229875518,5,2.133404770316328,2.700227741096503,200,5.157584728548822,6.241097539823759,4,4.355721332886539,5
NE,16,786,397-9038,yes,yes,300,4.470639118960683,2,4.499985728472528,5.017690097096623,1,5.039866075590781,4.626834109052097,200,5.756909110177549,5.465103418544816,2,5.081619052775896,7
IA,157,736,831-3623,yes,yes,400,5.874397334665724,4,5.495646036865947,6.605591614639777,3,3.651361386588183,3.82180021502928,200,5.825369139433037,5.213791265836519,8,2.3904170241170983,5
NE,2,786,109-4382,no,yes,900,3.118630705967494,4,2.042354734561489,2.5467075775794688,0,4.5380184046918846,4.08301505334004,100,5.464174698566189,5.000103544268597,6,3.23271637796537,7
DC,22,686,478-8103,no,yes,600,0.13676755651448236,3,3.0219664825355568,4.9552888464413964,1,2.7347843562833094,2.4758685597189274,300,3.3458091276233537,5.82189657731129,5,4.9434177490609486,6
IA,200,736,578-3568,no,yes,200,6.962684568814881,4,5.807841295274675,5.735285623178491,1,6.1207741705020355,3.3372169948111736,100,6.37292598347486,3.0427376662108383,4,4.227497855591297,7
RI,195,827,854-6503,yes,no,0,0.4589339215406092,6,0.8536385140959926,1.7843068971648017,2,4.4780503593053576,3.513835793251003,100,4.681275079403743,3.73945799922583,1,3.3963079044388547,6
PA,194,806,696-8772,no,no,0,7.896310284149943,4,5.332287967721969,5.033682532432717,4,5.969939368800994,6.317543701975743,150,5.430988650095505,4.493831544485243,6,4.715347741742583,4
NE,34,786,748-8610,no,no,0,6.778703750053081,6,4.981992430355573,5.807804393340024,2,6.51345547280641,2.6876139535108496,300,7.424242869162457,5.677331697455203,5,3.133791896205018,6
ND,193,786,955-8065,no,no,0,0.38055693867203466,2,2.935936818386926,0.5454009497286325,4,3.3457083966391314,4.221307509621559,250,2.7983812159750032,4.7381867950002405,5,4.386867335519431,4
ND,57,786,182-2824,no,no,0,1.215990717469233,2,4.828390018796907,6.022000100090583,4,2.291173347876513,6.143533474724129,200,0.4918002032410014,4.837809437266574,6,9.511470350044117,3
MS,191,778,497-8108,no,no,0,3.1802990322658085,2,6.240675178817281,3.9109356763846983,8,2.5315859363399515,5.0250053905471415,250,3.9216886465235135,5.0636108191012825,6,4.506604771955031,2
ID,29,736,818-7002,yes,no,0,3.948384322612712,7,1.9254024320935232,7.493452027525826,0,5.924807646056807,3.750698912046299,350,5.90699441003623,4.586455089374416,5,3.6738566131129007,7
LA,29,766,694-7283,no,no,0,1.0384710827850747,2,3.731306515378893,1.0354255346554435,5,3.27155951232601,5.256496161044772,250,2.8866954932656856,5.534846047552483,6,2.4956304797206013,5
KY,48,758,647-1267,yes,yes,400,7.850617333930629,3,4.770768476544191,7.865954261682364,1,6.863309424167984,4.829653485003325,100,4.7745807116649805,4.914316554905273,5,8.135032952905421,5
TN,60,847,510-3983,yes,no,0,2.7287486849161917,3,4.033408415388749,4.12530203624668,5,4.149940147098689,5.938446262023184,350,2.691031600120491,4.6677914302296895,7,5.190563718453139,4
NE,10,786,398-5793,no,no,0,4.7236702234787336,3,5.8527808635611125,6.384771956215613,1,4.4661897720996695,1.9194153683739532,250,5.8852335877867015,5.026807518948574,5,3.1813107717154265,8
VA,142,866,139-1195,no,yes,500,3.018495708209022,3,5.2974051592013405,3.0901801106606954,6,3.4620385894586088,4.617315053688215,300,4.214354376744087,6.943591424160032,7,1.6806864814625224,5
NV,26,788,130-4878,no,no,0,6.990678773476152,6,6.968524847249,5.496852582561967,4,5.944932638947577,3.661409153483462,250,4.9006553009552904,6.572433790876491,7,3.2193222245315622,6
MA,152,776,373-5487,yes,yes,200,8.152586444003061,2,1.3331837282550074,1.959646122356117,1,0.8018835595776963,1.5232651801119357,200,1.5361503409536006,5.896822332709066,4,3.791363479635152,5
TN,169,847,766-2607,yes,no,0,0.6145065453418681,4,0.4392111496808404,5.523940818101328,2,3.875279887495893,2.449950900735273,250,6.9323494004017885,5.9149329152031225,2,2.2145574111827617,10
UT,37,858,423-9789,no,yes,500,6.7577265392850085,5,6.284554982043581,7.442822433907633,5,5.58554280752074,5.446685821281288,400,5.352325740186132,5.409104989699858,6,3.648128666842846,6
UT,200,858,799-3425,no,no,0,1.4554375960574548,2,3.6154596784802258,3.8730848851413295,6,2.727040396995433,6.92836385093022,150,2.6293916043360417,6.471851429845604,4,6.313766542122211,3
WV,54,878,366-8865,yes,no,0,2.2269922491636107,3,3.3523637510309015,3.5534818908886465,4,1.269222654421973,2.828415990552632,300,2.180813583004541,6.230266369465448,6,3.5226925677949605,6
MD,181,776,435-2091,no,yes,400,3.3048452497564065,4,4.947410102822289,5.0997191856829245,3,3.6530337472159213,2.9792081945526605,250,6.6185082366503885,4.357293617216029,3,1.5589084219805611,9
VA,139,866,965-1026,yes,yes,300,6.719083910570626,3,6.422822349774592,5.300308775229246,5,4.375667004803221,4.100701979576547,200,6.245223335235537,5.398818882000529,7,1.7238992333085572,6
GA,39,716,958-6398,yes,yes,400,7.491851028029267,2,5.9768534267102185,4.417047648216217,2,5.64745869607209,4.93828617230416,100,5.457828667527555,6.009963955057657,6,4.505952243690022,5
IN,182,737,746-8585,yes,yes,600,4.473251138945157,3,6.7421383151290835,8.565113862597661,5,3.423113667882776,5.811242019416041,300,2.221301970085766,5.0498245976707015,6,8.766316285305763,4
NV,118,788,620-8981,no,no,0,3.112703023090108,6,4.004592107061677,3.1307531669000555,4,3.2558601626749235,3.890116497649177,100,6.306602008267668,5.413859537344047,5,0.4474564660989184,7
WI,178,877,571-3038,yes,yes,400,4.43029171759453,7,4.2396848896545185,6.348886032837412,6,2.7500820753370685,4.215607714241926,250,6.978311603325037,3.5108255274817823,7,0.21431252036380052,7
SC,78,836,556-1222,no,no,0,7.860990119468447,5,6.301123397160746,7.166451243362153,1,5.89703067750531,1.9850199339919719,150,6.906314234076003,3.009447814078642,6,3.0791105308614735,6
VA,137,866,608-5339,yes,yes,400,7.51870302423347,6,6.348369108021692,9.078378705997752,2,5.684583213944519,2.3632124036632063,150,7.401482794379964,5.786972828789338,2,7.436345326404724,5
SC,92,836,578-9418,no,no,0,3.3609167632786296,0,3.9845328336566768,2.106747259837942,0,4.380376342859356,5.232277436004566,300,3.640802994001418,4.793964862698627,8,2.1840088970000373,8
NC,120,786,451-5264,yes,yes,600,9.317869516672873,3,8.044167523161597,6.520571648174179,5,5.834595114175032,5.907057312912568,350,5.936064273515347,5.083743613723305,8,2.5008687111844794,7
MS,179,778,295-9936,yes,no,0,12.268303054354847,2,7.628466271960328,9.644998986954883,0,9.484744936210738,3.2982691365348944,200,6.201739992580247,5.707510994556675,5,8.714356895022174,4
NE,120,786,197-3919,yes,no,0,9.909872295389473,4,6.998574872837503,6.283076582558356,3,6.1243980963302365,4.897736783879731,100,5.29631476804615,4.481714085227226,9,4.854030298740935,3
OK,71,797,757-8307,no,yes,500,0.44528622018524455,5,5.108632907511882,7.017307192535771,8,1.6480560795307282,4.949278799956844,350,1.827560362066571,5.4048552256725335,5,7.941743267787968,2
FL,102,707,375-9095,yes,no,0,13.882514205271256,3,8.42643487708116,6.613370461435442,4,9.497842637862886,6.919076102808398,100,3.4550137377484407,3.617131770764603,10,11.551755770896625,2
NM,35,787,362-9363,yes,yes,500,0.9547884638003924,2,4.9349493777420665,5.678075962970418,5,1.5476615815131294,3.9963793363876743,250,2.9862464458052136,6.4321387421150575,6,5.558732233240633,4
SD,14,836,553-2233,yes,no,0,3.3391551988419703,3,7.547768425451109,3.546650156358998,9,2.457913902944516,5.1878197214965045,250,5.530668076124816,5.618847930919343,2,1.5692284752644388,7
UT,140,858,138-6031,no,yes,500,6.709246229285044,1,5.6831402768952755,5.943477332661626,1,5.263325073045786,4.912198795210283,200,5.297732185659631,6.7613571599604,5,5.8551553278825486,6
MA,135,776,278-3033,no,no,0,9.299384839910065,7,4.092468008596693,7.2474603114190534,2,8.448775045705382,2.260207665021606,50,7.8795895901779325,5.903440230412621,5,4.17301879382116,8
WI,180,877,208-7324,yes,no,0,1.1625691281414356,3,4.48645919011007,4.419408399583469,5,2.9431390746485686,4.341361374825894,300,2.02692613205119,6.0849504072069465,7,6.381561450591711,3
MO,138,777,858-2251,no,yes,400,6.56785841522593,2,6.373423839822822,7.7347615477483895,1,5.809400386470393,3.6941723404346334,250,4.62427651373418,4.9615089607851415,5,7.587756550028472,5
DC,60,686,689-3569,no,yes,100,8.895669474424743,2,7.151549968055729,4.56574458770754,0,6.542305954074432,1.4896945817256264,150,8.528164687918023,5.1023304967989835,5,0.4743957646865651,9
VT,116,868,163-6289,yes,yes,300,6.448633402578701,2,3.2280522267278253,2.1448700762987003,0,6.559478690850821,6.3420649090724766,50,7.036358227187086,6.258801404077131,2,2.9256776356280554,7
MD,163,776,980-7532,no,no,0,4.364849075092984,5,3.0085635208895094,2.559890386994446,5,5.639352200972332,6.260690269008523,300,6.195842218831233,4.073800807276995,4,0.6797007534196853,7
IA,131,736,139-9315,yes,yes,800,2.7472441574020947,1,5.542968842519572,7.240153919069575,0,2.798649912201575,3.195282145901865,300,3.042060664240608,3.6369048535697472,6,7.660001277534413,6
LA,97,766,521-3818,yes,no,0,11.716394343876633,3,8.719354527754717,6.126472443944019,4,8.626826612087568,4.383873704804406,150,6.142312451667829,5.449516212326524,5,7.074187602814923,3
NH,69,787,306-4261,no,yes,400,3.079789227764846,4,3.345907642904503,1.9614888267851265,5,4.572323269548824,5.313337604367055,250,5.580351302041036,3.641404330630565,5,0.9545837648495326,6
ME,27,776,605-3683,yes,yes,400,5.182358064142734,5,3.5583002460106075,3.0506192327314667,3,4.349551100181527,6.231501087691509,50,6.178896395971021,6.080129541187952,5,1.7550464599636042,7
VT,135,868,831-1584,no,no,0,1.0503442499010682,4,1.830128707217113,1.587071344842796,0,5.104047183060037,2.6906041597793617,350,4.3370263444556345,7.446778655617568,8,0.193465616847436,8
OR,99,798,205-3534,no,no,0,5.0452455052015655,4,4.3582165201942,7.771064881564812,0,3.910166005552476,1.4659903857652443,250,7.103670806201532,4.700604310887701,7,1.6030942181789274,8
SC,194,836,128-8530,yes,yes,400,0.4801116110106287,4,2.25258032613628,3.1083536614740437,3,3.061697074108408,2.9076099520473697,350,4.349621813983895,5.142910338581296,5,0.6993161150168392,7
MD,192,776,389-9079,no,yes,300,6.677099489674621,5,2.928481324849487,4.538569944932606,8,1.4244186853552474,1.4560538648940895,400,0.7634077594480121,4.301093867122436,5,3.8550421155853702,4
SD,143,836,128-4701,yes,yes,400,6.816291482875857,5,6.926661053437952,5.844119412658423,5,4.9458284318080326,5.534016052852538,150,5.0135510072585365,3.8240919163464895,4,5.484698746452926,5
OK,29,797,902-7473,yes,no,0,5.903800007319053,0,4.992445400761613,1.5139968776296835,0,5.8024838234173925,3.8497579806695383,200,5.275476244592138,5.894987552558085,9,1.3372615753942556,7
CA,190,676,401-7259,yes,yes,500,9.117224646292255,5,6.010149407475046,8.075639431989769,2,6.41263066886864,5.479068220121814,150,4.726566086218074,4.056899770885953,7,7.95707675305721,2
AL,159,657,700-2635,yes,no,0,5.874466364915434,2,3.9380268721568976,5.655618987307158,2,4.970986923560936,6.906884861562466,150,3.6209569112472817,6.072488434655835,7,8.021159095437604,2
MI,63,777,905-3929,yes,yes,800,3.2200118744509463,2,7.5817729387552975,7.270507704882277,5,2.780612235019189,4.1467585927494985,300,0.9993447523563654,5.24178912532049,7,9.926046525955392,2
KS,43,758,377-7600,yes,yes,700,2.933386062013211,4,2.0676374091981007,2.9677048815039164,0,5.492772236360171,4.227896210810012,100,5.298410664689428,4.859936321295276,3,4.953888963676446,7
NV,115,788,329-7708,no,no,0,4.8071832114505915,2,0.007165319750415122,0.21337304034482416,0,1.759824915985878,0.3793642265413597,350,3.4999481975430573,4.599677541971588,7,0.810644502309728,7
NY,85,788,745-4809,no,no,0,8.934940281597457,5,4.28430911913747,6.635122992705598,1,6.30762395536859,5.530570959666316,100,5.017208054378081,4.868164732295237,10,6.061391217994967,3
TN,37,847,716-2021,yes,yes,400,6.866377585526288,5,5.574373700208064,4.434219915065822,2,5.910263165841982,2.9929196853652438,100,6.88101860019326,5.455255153877922,5,2.1538146685869,7
MT,154,778,706-3647,no,no,0,15.040461315113905,7,6.95467330543261,6.868538812475189,2,9.054831856404006,4.575894407403269,0,9.16136306299806,5.490732214347711,9,2.3763917893965614,4
HI,86,727,840-9985,yes,yes,900,2.397636110149537,3,3.2559951083644063,4.526606699389118,1,4.245726940094968,3.744854162991665,400,3.3682379136771137,2.862201091346585,10,2.703498196036052,6
MD,23,776,705-7110,no,no,0,1.11175559365614,4,2.1868278296795274,5.45341434668825,0,1.8522793427075792,2.049457456774805,300,5.586458568039327,5.794998984786999,3,1.4560072642493038,11
NC,49,786,574-1941,no,no,0,9.709156913878985,2,9.621341755986274,5.956452750169448,7,6.057163173553449,4.904729650074735,200,5.126692073533113,4.709875100956297,6,5.46039058653978,3
AK,181,657,613-2736,no,yes,300,3.7938087297411163,4,3.670747267416364,2.513285997618396,5,4.476208727335644,5.3929524647553615,200,6.446690655255951,6.603518437071411,3,1.9037951333270948,5
WA,45,876,606-9801,no,no,0,0.6752339911980165,2,4.085755653184007,4.908682467238006,3,2.6172612265019843,5.093990549760429,200,2.150701309903595,6.006064330164202,3,8.236272055019093,4
ND,141,786,361-5453,yes,no,0,7.5730352569504555,4,6.98349095312545,7.813363224047007,2,6.4514508737470315,3.361270472442113,150,5.974490913775088,3.905846217110075,2,6.045618402181613,7
CT,122,678,206-6729,no,yes,600,7.296808309134902,5,4.580943776965585,3.888195726723041,0,7.635353705248049,3.8171103955788848,200,6.232325588843758,4.071194310855567,6,2.2165285686112015,8
DE,9,686,968-6884,yes,no,0,0.5346560830235028,2,3.0664608984219988,5.217150672923461,3,1.1852509530018278,3.742085735779602,200,4.15193304512221,4.07677926201576,3,5.252175144361226,6
FL,92,707,491-9638,no,no,0,4.673486189155745,5,2.870664269145388,2.7071003731703263,1,7.258099008811142,4.6448508384093214,350,6.008527136552839,4.3715794052707535,5,1.1812258603223986,8
OH,91,797,739-6199,no,yes,400,7.8641489872547,3,8.398629410586588,6.798547555345812,5,3.991162984687552,3.181901062514332,300,7.589712126355709,5.568215417018318,6,0.5969229778914293,8
RI,151,827,382-5223,yes,no,0,5.620233901946974,0,6.627477007466417,5.3016436238677915,0,5.753819086355943,1.1415491607617343,300,6.450897511127303,7.8415200226564465,4,3.3105971106050798,8
IN,40,737,869-3987,no,yes,300,2.626333190472737,8,3.4914522114756146,5.86409497268958,8,1.8774522058352396,2.429294378871014,250,1.989907386075856,5.555406940378886,2,7.115615786535576,3
OH,80,797,702-4011,no,no,0,10.428334064472915,3,6.9234618045079515,9.03230068096212,0,7.680592294818736,2.9777824108273503,250,7.18623582002205,6.743829456827682,5,5.57942071349837,5
ID,166,736,815-9510,no,no,0,5.252513910245293,0,7.2871472445268,8.680442811199272,4,3.5325559532987483,4.418364242786909,400,4.072274295624181,5.478741272768104,5,6.6149929995508385,5
MD,2,776,529-3997,no,no,0,0.2231589994614982,3,3.15940759571028,1.1853359114865478,4,2.86885055796482,2.9466136717931364,100,3.915609502794623,4.343582069302854,4,3.7566922293344702,4
MT,155,778,161-9196,no,yes,700,8.203779317678105,2,6.925730047679714,6.269616969159528,3,5.356910052340094,6.52861517874173,250,4.630069417343014,5.11261136555328,8,4.918944365406196,6
NC,102,786,330-9263,yes,no,0,13.115962981098239,3,6.374769735616713,8.599263120504672,2,11.100062837424435,2.9822069638162105,200,7.382682485232817,4.758169946073321,5,8.94347694724079,3
MA,197,776,998-3216,no,no,0,1.353109201471979,2,3.879635402857811,2.517891555799324,2,2.6370731828434972,3.9086417033530183,200,5.444214069062257,6.025949437390933,4,1.5970707390189889,9
CA,190,676,953-4406,no,yes,100,15.2995559082939,2,9.842835979716652,7.947565763275019,3,9.807508687786537,5.105230141887897,150,5.790697120658443,6.451969776121265,8,7.999167062838294,1
MS,152,778,756-4245,yes,no,0,8.534903744000728,2,6.833889221768564,8.185184231458855,2,5.8230600180964185,4.398000062074523,250,5.9291684539736185,2.9367102100450504,6,4.435013202355753,6
PA,7,806,827-5199,yes,no,0,14.122838213419351,3,9.111601254609491,6.354619893483325,1,9.144516880842646,3.2004256230738424,50,7.613920768832427,6.0288391218655,8,5.1558276483913135,4
KS,4,758,496-3289,yes,yes,300,4.6742748585519545,5,5.5234540582966245,5.8543742855971885,7,4.4112637379295805,6.6403673084555335,200,4.1886291945131635,4.695555013296457,2,8.767352572814481,2
VA,152,866,433-2968,yes,yes,500,4.33699369376712,3,4.685538464754481,4.744389854465993,0,4.8728625713447045,2.908219572356165,200,5.505049075785174,4.093280671244871,5,3.952846536695093,7
OK,87,797,655-1458,yes,yes,500,5.720438835747576,4,3.8302531311594303,4.0053707925981055,1,5.592250804117908,3.9578454797150915,200,7.698698229272206,5.07763891792824,4,1.2503275187178702,8
OR,68,798,321-7277,yes,no,0,1.4907890461162443,6,2.234427960936328,6.895249517489545,1,3.3993240494230683,1.9152096467742363,250,6.3976804709151915,3.504929400804782,4,1.8268564587182199,11
NH,30,787,753-4535,no,no,0,1.4105653003660423,4,3.224049886792347,6.478880981111883,0,4.396917767079963,2.4728259929914014,400,2.6909826805500723,3.8879456326629214,8,4.770857175884318,7
MA,99,776,859-7197,yes,no,0,3.3258091417757143,2,4.74410160038849,4.146549667524921,2,4.2209762275213984,4.940305662927936,200,2.7339654071446806,4.51989572575001,6,6.056900007280617,5
ID,198,736,669-5931,no,no,0,0.7782848023084288,5,3.454327671832139,1.8387016071226905,3,4.585644221862119,3.4498695946849214,250,2.377267394536525,6.0987742454240825,7,3.0426386892002326,6
FL,126,707,487-6122,yes,no,0,10.818646861499404,2,7.117627607508378,6.34042117568055,0,8.513043112143125,2.3681051082302584,150,6.728220506153023,3.55975689954853,7,5.426894501637727,5
NH,10,787,135-6795,yes,no,0,4.606560520859285,3,3.427538342531408,8.481018489802503,2,5.4896075041133034,2.3840158392837623,350,5.8549547706497895,4.703852446841073,5,5.309420215067097,8
MS,113,778,671-2454,no,yes,400,4.3831127552770734,2,3.376391974598556,4.029617407719323,2,6.712109215707638,3.1150724629337225,150,6.187491319572666,6.574061177929332,1,4.4602266155453805,9
FL,122,707,703-5379,yes,yes,300,7.548592091199003,3,6.513235985048784,10.047170237550759,0,5.466567674506023,1.8326598739901487,300,6.185463382950363,4.491643250888465,6,5.245761917359482,7
OR,93,798,701-3384,yes,yes,700,7.7775937698098225,2,5.143087382036531,6.59134309627092,0,7.211889783312196,6.432432443195744,100,4.9890264279104,3.815195162245034,1,10.628841186160713,6
VA,6,866,337-8494,yes,yes,600,9.904341585722543,7,6.468587813024497,6.75051553049986,3,8.130115085246263,4.654777623271546,350,7.166630022424947,4.918597799195221,6,2.4060695046314846,8
WA,146,876,383-9807,yes,yes,200,8.808502487966614,3,6.319386956431536,6.427031869927813,0,6.546034573444954,3.0532945506036184,150,7.8070310798822895,1.9857501673301596,5,2.3005527805942414,9
VA,88,866,402-5332,no,no,0,7.529924755945165,5,3.8121687057431872,5.440935850288657,3,8.648159664253527,3.5362222186961665,400,5.33335169998703,6.163609051662758,9,2.7844105787825435,9
WI,53,877,743-2212,no,no,0,7.293884548638883,3,6.985631800315767,5.6683191047484565,4,5.231738817064199,4.788013381967448,200,5.009843429101268,4.6249407656789145,6,4.728930087858593,5
AZ,57,659,860-8414,no,yes,400,11.231106690618288,2,8.843602305220307,6.6174227260269705,2,7.934046074284345,3.7373582851749245,150,4.943946232888394,5.019827583938708,7,7.712307833052241,3
VA,186,866,423-7524,no,no,0,9.14000316691256,1,8.856996516170156,3.5938588202797543,5,6.2377450172015365,4.445280654775114,100,5.102552098431763,5.819096480287322,6,4.878192184328018,3
NV,160,788,914-2227,yes,yes,800,0.8043837750233012,2,3.799444769920318,2.7249139125898245,3,3.813092032821793,3.9365134019499934,300,2.012856153744852,5.1431985411336125,7,5.535908619533597,4
MI,168,777,583-6289,no,no,0,5.099966034644754,2,4.1100760380265315,3.602989072149713,1,6.8483430855352845,5.713789224244003,200,3.363954827217474,7.1880168617433045,4,9.3471163866821,3
ID,144,736,680-9068,no,yes,700,9.703536098810533,5,8.780673128863787,6.503410214627267,4,6.580203411059498,2.533738669998568,350,7.318028554421966,4.718502693413456,8,1.2438850595304942,7
AR,169,658,662-3219,yes,no,0,6.502371218201077,1,7.758053902840258,6.831960850661781,3,4.648044935289495,5.63554768942708,350,2.689602658998552,4.523515729311946,8,7.6679930368801905,5
WV,49,878,626-3097,yes,yes,300,8.688811107412938,5,6.313614415714853,2.9153003977849195,4,7.442201016489264,4.666219768938724,100,6.817310046472898,5.686781948559954,4,3.2660229347598646,5
RI,128,827,141-2714,yes,yes,600,4.8651112232508025,3,5.549941784814543,5.0670720488144525,4,4.25943499781277,4.858180012118922,250,4.648770532724835,5.965950669822835,5,5.597592436097578,4
CO,40,677,203-5954,no,yes,500,6.345170172365183,4,6.1355674474807405,7.90413223376808,1,6.3921045686261815,3.6972019840555297,200,3.6565156369362564,4.597709604456099,4,9.572198301083409,5
SD,96,836,785-9814,yes,yes,500,9.70339217660571,6,5.293011302695398,4.376940115466861,3,7.1983122858162805,4.7190810918989765,50,6.430316581701812,5.3151498329080304,8,3.618487128718405,3
IN,93,737,226-3760,yes,no,0,8.735827887959609,2,7.073801804400732,5.803811441998259,2,5.370453531594858,3.436354462702585,200,6.701607358856673,5.393460235551424,8,2.128396724769815,5
KS,57,758,433-3285,no,no,0,3.72176284792744,4,5.889442367565121,4.946579912149802,4,4.360025859176534,3.775256116569866,250,3.840128749665704,4.822643540428167,5,4.95551402607882,5
VA,112,866,459-2372,yes,yes,100,3.0218767242916886,5,4.029602534127843,5.994995673427155,11,0.4066648635691328,5.7462100590496075,350,0.6299383545564297,4.939962555171863,4,6.8468139996358985,1
MO,63,777,722-1404,yes,no,0,8.296176592492747,4,4.106827648692123,5.202060922804186,0,6.019547695024098,4.63229210357761,100,6.829116683864447,5.925495796180395,8,2.179307275544017,6
NH,73,787,781-1868,yes,no,0,9.82127446288436,3,5.745592922988709,7.0472709812631615,0,7.819661358529626,3.318162845211152,200,6.25377993318573,4.487130612610441,8,5.246547572478566,5
MN,167,777,765-1370,yes,yes,300,10.504230658184095,5,4.438106792065474,7.293529187434863,0,7.374828473741427,4.791436843590329,100,8.255910913344135,7.231752992662859,6,3.0657535961186166,6
ND,31,786,423-2900,no,no,0,8.737786625233028,1,8.794549454776423,9.582687738469668,2,5.4720466655050455,2.642476578607313,350,3.5126172043496062,4.157883659210902,10,7.6338445354655935,2
DE,114,686,289-2392,yes,no,0,13.04089159244152,0,9.882028152787386,6.314255027542286,4,8.092429801503974,3.8502470393304407,200,7.51402490249558,4.684883628251174,6,3.9511568911375816,4
CA,129,676,823-5027,yes,yes,600,1.7868907165061243,6,2.3934004496508683,4.7141456794244085,0,4.925531569361676,3.274669811690384,200,3.4981646199170395,5.500787838980927,6,4.799759985881948,7
WV,46,878,112-3348,no,yes,200,9.565010559767208,1,7.334812617162474,5.493547325318984,0,8.66254871762,2.6492636669018443,150,5.642172556218701,6.7786206873915,5,6.8590658283019685,5
PA,192,806,417-4185,no,yes,200,1.0441099073123454,2,5.009544111793471,3.8443908168151033,7,1.792670951185552,4.74164375447444,300,4.1162953505489535,5.915917600884812,4,3.0557047847851866,5
NE,93,786,245-6424,no,yes,400,5.782160191915599,1,5.698954925674706,3.3161143217749305,6,3.911874383184751,7.377487712327187,250,5.121185530037232,7.139437553734621,6,1.9110281031219951,6
MA,86,776,250-3805,no,yes,300,0.9281002071502148,5,2.8503530188181365,3.3665480438595194,6,3.1128665006992984,3.5401150570487814,100,3.1994050160371774,5.641596966196697,0,8.242394071118536,2
CO,150,677,355-8015,no,no,0,0.5233244558877175,4,5.000780668690347,5.518157041382692,7,1.3485231343496231,3.8338698096552175,200,1.0701459288551138,4.537502686701275,5,7.595528327035121,2
OK,107,797,668-9438,no,yes,400,0.4611596075794058,4,3.8367258248375697,5.18843109098108,4,2.843916956053549,3.2289927294870444,300,2.882444298098899,5.227150826793934,5,5.155852783936973,4
IN,147,737,981-6515,yes,no,0,4.056704995865059,3,2.820311000625656,3.171953838657372,1,6.40356302100162,3.988278451240999,300,4.049367138967023,3.2756698190372484,8,2.8466244505297618,8
VT,104,868,975-8323,no,yes,0,11.782068982013733,4,9.325929654480555,4.965317233918473,6,7.215581107633987,4.266709992928521,100,8.268677543029407,6.230346549369421,5,1.6806916270691494,6
AR,129,658,983-7013,yes,no,0,6.8204270824737545,5,1.1903272499007866,3.609959504808451,3,0.09150370469498537,0.1836575613400937,300,1.2613034771696623,6.725165971988252,4,5.061565203762635,4
ID,194,736,433-2863,yes,yes,700,2.144326546508906,3,2.5889153991242235,5.692174324601682,1,4.495876889689848,3.5776997455195563,200,3.5269841002135185,5.0974395755446,5,5.929626208952683,7
HI,136,727,317-6301,no,yes,300,3.1311654779668063,4,3.6386908126430337,0.22017700044269706,4,4.9282407070144885,3.419854441605791,200,6.098661590642066,4.38951071503052,6,1.766743524153371,7
MN,50,777,562-9980,yes,yes,400,6.790676815208526,4,4.957917472141535,4.703683460788024,0,6.897782054684188,2.5693753207003125,100,6.3149306341813025,5.715515666115928,5,3.772149794210668,7
SD,197,836,573-2817,no,yes,500,4.32449288802909,4,2.236962592279156,1.877205371638984,0,6.185704248036793,3.8717115081134494,200,7.256207240842199,4.739246916857281,4,0.6289197538855467,8
WI,29,877,333-6057,no,yes,700,6.838737649555309,1,4.818373565345934,6.547972494390193,0,5.348081125743605,6.420992684118657,200,5.215898536713325,4.875007891126344,4,7.554428181287585,6
AR,127,658,570-9823,yes,yes,400,7.526318546400898,3,4.501648316118738,2.8669976051386983,0,8.174638687114454,4.714480597588897,50,5.829686930947081,6.081809102028246,3,6.530165351281277,4
KS,170,758,357-9515,yes,yes,500,7.026197832503443,1,4.5999255302495,5.750020413697911,1,6.5574960227207235,3.21584885093397,200,5.99837919790597,3.6033179201993035,6,5.026611266045896,6
MT,196,778,921-9250,yes,no,0,1.7676115281234708,2,4.663673948966019,6.60256632470825,5,0.1524107349635031,3.1822530122845634,250,1.9063806526371625,7.0562149507989655,3,9.715483178582273,2
SC,192,836,711-6909,yes,no,0,1.3797798654282247,7,4.2041914962927125,6.140145768596397,7,3.1979899565584025,2.5908242544530946,300,4.345388066782172,5.502096440965233,4,4.6885926073210475,3
SC,86,836,225-6257,no,no,0,9.303891483948922,4,3.757818434800015,5.7002031416852805,0,7.943873684383359,7.671270688121541,50,4.007730675143801,4.6151526746878915,7,10.292767407198893,1
MT,23,778,917-1328,no,yes,300,1.6889451601238368,7,3.3987481028938062,5.361661512632631,3,3.936405854114789,0.9040703590319136,250,6.336857492830987,5.428092425840154,4,0.9176797800136888,7
IN,96,737,631-2857,no,no,0,10.598493502093866,2,7.700954296550325,8.766914919915372,1,8.523569697753228,3.409686239707759,250,6.050580814684317,5.113350175829494,4,8.099324664318743,4
NV,89,788,168-3348,no,yes,200,6.577960044725488,5,6.790011451413005,5.3561386529730495,5,4.056130402673252,3.7352994177834082,150,6.50603143780609,6.367812702182518,6,0.7493207979541171,7
WA,31,876,994-8699,no,no,0,0.6705568875190977,4,4.3031685680463285,2.4122425455740792,5,3.1230515010387925,3.8646675770805583,100,3.753925175977348,5.498223180295281,2,5.1786548470804465,5
NH,198,787,170-1346,yes,no,0,4.480331983546536,4,4.990760988928102,5.151559993744303,1,4.1356843761401265,3.1846072260405687,150,6.855933211413574,3.1816438518108683,3,1.1589099478589409,10
ME,93,776,955-3740,no,no,0,9.08180257264415,5,6.3168616995168,6.22739704926525,1,7.925904183310897,3.3613547547489553,150,6.537058886749593,3.4885024609119304,4,5.736248910534988,5
GA,109,716,185-5966,no,yes,200,0.4744129195024103,7,3.8883820671282217,4.071295250702321,9,2.1698429058448347,4.17561339472339,250,2.7939171261292794,5.13584959237638,5,3.614814173605613,3
TX,125,848,297-3481,yes,no,0,1.568587086371516,3,4.304553358160471,3.3196251855905587,5,0.8961183854718975,3.6468454383746463,250,3.89022706616004,5.5191092360355185,2,3.0556677361774587,8
WY,148,878,465-6115,yes,no,0,9.112387013131443,4,6.020881481460683,7.957600199089205,2,6.568827462754173,4.344151256433605,200,5.021052170099534,3.4597795594363108,9,5.867195601072657,3
DC,10,686,297-7416,no,no,0,0.12006867101944962,2,0.3350152409498524,1.64549926806166,2,4.876204247596428,8.252473954321122,150,2.8750673820882464,5.498077429117878,4,1.9572476697251973,7
TX,26,848,916-3712,yes,no,0,4.3835447162108805,6,5.1208089272075465,9.164225525450426,2,3.287955273835344,3.036602288308566,300,5.583924819394738,4.525712397880864,6,3.8210659673068332,7
OH,46,797,218-3715,yes,no,0,0.6328901759465282,4,1.939112372001808,0.4749082107038944,4,3.8628807875677116,3.962943584266728,200,3.441461417469024,6.494297200152885,5,1.1404316463306399,5
NE,52,786,396-5161,no,yes,500,5.007708132840347,4,6.105618009080516,5.0002799896539205,4,4.960829455065221,3.6935223394669614,200,4.875562929481237,3.8214290801789135,4,5.607058134824456,5
UT,161,858,479-2566,yes,yes,300,2.78689864593813,1,3.5103227564309782,4.1542807097297105,2,3.5323377463986834,4.3608534907604515,250,6.058332769737798,6.3915217424349775,3,2.8949015839388155,6
WA,100,876,902-6409,no,no,0,12.538643357429445,6,6.431072670456816,5.700780375886265,3,8.935851672587942,5.819869780973822,50,6.500648669368597,3.950899235382741,8,5.0075788597096365,3
AR,25,658,858-7426,no,yes,400,0.9558255694353691,5,1.092721466782293,1.3848051990052537,2,3.8448088781146432,2.5697669263895153,250,3.4128303277873466,4.1021834006294435,7,0.526412841063773,6
MD,45,776,750-4323,no,yes,800,1.3860191478759676,1,5.613136924239073,6.584657737609037,6,1.6040400886658688,5.399811663499883,400,2.2604166853365752,7.165995135836518,5,8.435272984899326,2
TX,65,848,587-6755,no,no,0,13.315863150554652,3,7.463278888589852,8.758215305222148,3,9.44141375050909,0.17735849728139996,150,8.448738345596581,5.875103141445418,9,3.77205610187334,6
GA,172,716,196-1053,no,no,0,7.530039769224668,5,6.609696648264372,4.014657499125756,2,7.030698332001616,3.1200124670077516,50,5.9046599266914495,7.155992419631112,4,4.5327950547164315,6
CO,184,677,202-8221,no,no,0,4.441940301145067,0,6.307763854922122,4.9670194511800405,5,2.5010096232011776,6.455427143717861,150,4.850860966525809,4.324242410898774,3,5.044068952036419,5
